Year,Year Code,County,County.Code,Deaths,Population,Crude Rate
2007,2007,Alamance  ,37001,1411,144712,975
2007,2007,Alexander  ,37003,322,36609,879.6
2007,2007,Alleghany  ,37005,137,11061,1238.6
2007,2007,Anson  ,37007,290,26664,1087.6
2007,2007,Ashe  ,37009,296,26506,1116.7
2007,2007,Avery  ,37011,173,17949,963.8
2007,2007,Beaufort  ,37013,489,46702,1047.1
2007,2007,Bertie  ,37015,244,20927,1166
2007,2007,Bladen  ,37017,374,34285,1090.9
2007,2007,Brunswick  ,37019,901,99008,910
2007,2007,Buncombe  ,37021,2301,230766,997.1
2007,2007,Burke  ,37023,833,90146,924.1
2007,2007,Cabarrus  ,37025,1251,165717,754.9
2007,2007,Caldwell  ,37027,765,81588,937.6
2007,2007,Camden  ,37029,84,9570,877.7
2007,2007,Carteret  ,37031,641,64258,997.5
2007,2007,Caswell  ,37033,230,23914,961.8
2007,2007,Catawba  ,37035,1408,152448,923.6
2007,2007,Chatham  ,37037,575,60054,957.5
2007,2007,Cherokee  ,37039,335,27350,1224.9
2007,2007,Chowan  ,37041,171,14953,1143.6
2007,2007,Clay  ,37043,110,10356,1062.2
2007,2007,Cleveland  ,37045,1050,97524,1076.7
2007,2007,Columbus  ,37047,682,55964,1218.6
2007,2007,Craven  ,37049,938,97825,958.9
2007,2007,Cumberland  ,37051,2059,308284,667.9
2007,2007,Currituck  ,37053,193,23216,831.3
2007,2007,Dare  ,37055,274,33541,816.9
2007,2007,Davidson  ,37057,1474,159126,926.3
2007,2007,Davie  ,37059,356,40260,884.3
2007,2007,Duplin  ,37061,507,55610,911.7
2007,2007,Durham  ,37063,1714,252796,678
2007,2007,Edgecombe  ,37065,606,55911,1083.9
2007,2007,Forsyth  ,37067,2835,338638,837.2
2007,2007,Franklin  ,37069,485,57174,848.3
2007,2007,Gaston  ,37071,2039,200377,1017.6
2007,2007,Gates  ,37073,127,12042,1054.6
2007,2007,Graham  ,37075,81,8583,943.7
2007,2007,Granville  ,37077,517,57356,901.4
2007,2007,Greene  ,37079,183,21178,864.1
2007,2007,Guilford  ,37081,3637,468466,776.4
2007,2007,Halifax  ,37083,681,55616,1224.5
2007,2007,Harnett  ,37085,792,105770,748.8
2007,2007,Haywood  ,37087,689,58386,1180.1
2007,2007,Henderson  ,37089,1286,102270,1257.5
2007,2007,Hertford  ,37091,282,24240,1163.4
2007,2007,Hoke  ,37093,291,42496,684.8
2007,2007,Hyde  ,37095,72,5639,1276.8
2007,2007,Iredell  ,37097,1270,151944,835.8
2007,2007,Jackson  ,37099,354,38404,921.8
2007,2007,Johnston  ,37101,1074,155695,689.8
2007,2007,Jones  ,37103,123,10035,1225.7
2007,2007,Lee  ,37105,512,54106,946.3
2007,2007,Lenoir  ,37107,691,59072,1169.8
2007,2007,Lincoln  ,37109,635,74139,856.5
2007,2007,McDowell  ,37111,431,44345,971.9
2007,2007,Macon  ,37113,441,33164,1329.8
2007,2007,Madison  ,37115,251,20420,1229.2
2007,2007,Martin  ,37117,315,24391,1291.5
2007,2007,Mecklenburg  ,37119,5004,862177,580.4
2007,2007,Mitchell  ,37121,193,15746,1225.7
2007,2007,Montgomery  ,37123,239,27490,869.4
2007,2007,Moore  ,37125,1002,84795,1181.7
2007,2007,Nash  ,37127,914,93733,975.1
2007,2007,New Hanover  ,37129,1566,194339,805.8
2007,2007,Northampton  ,37131,288,22293,1291.9
2007,2007,Onslow  ,37133,829,163256,507.8
2007,2007,Orange  ,37135,732,127193,575.5
2007,2007,Pamlico  ,37137,159,13013,1221.9
2007,2007,Pasquotank  ,37139,359,40049,896.4
2007,2007,Pender  ,37141,454,49181,923.1
2007,2007,Perquimans  ,37143,137,12901,1061.9
2007,2007,Person  ,37145,430,38656,1112.4
2007,2007,Pitt  ,37147,1103,157479,700.4
2007,2007,Polk  ,37149,299,20145,1484.2
2007,2007,Randolph  ,37151,1267,138855,912.5
2007,2007,Richmond  ,37153,526,46390,1133.9
2007,2007,Robeson  ,37155,1218,130453,933.7
2007,2007,Rockingham  ,37157,1066,93164,1144.2
2007,2007,Rowan  ,37159,1345,135626,991.7
2007,2007,Rutherford  ,37161,831,66305,1253.3
2007,2007,Sampson  ,37163,635,62539,1015.4
2007,2007,Scotland  ,37165,384,36399,1055
2007,2007,Stanly  ,37167,568,59849,949.1
2007,2007,Stokes  ,37169,468,47079,994.1
2007,2007,Surry  ,37171,817,73027,1118.8
2007,2007,Swain  ,37173,190,13819,1374.9
2007,2007,Transylvania  ,37175,384,32061,1197.7
2007,2007,Tyrrell  ,37177,33,4402,749.7
2007,2007,Union  ,37179,1021,184782,552.5
2007,2007,Vance  ,37181,452,44676,1011.7
2007,2007,Wake  ,37183,4031,821607,490.6
2007,2007,Warren  ,37185,235,20724,1134
2007,2007,Washington  ,37187,170,13176,1290.2
2007,2007,Watauga  ,37189,278,48765,570.1
2007,2007,Wayne  ,37191,1094,118942,919.8
2007,2007,Wilkes  ,37193,683,68966,990.3
2007,2007,Wilson  ,37195,767,78474,977.4
2007,2007,Yadkin  ,37197,382,37965,1006.2
2007,2007,Yancey  ,37199,205,18000,1138.9
2008,2008,Alamance  ,37001,1459,147704,987.8
2008,2008,Alexander  ,37003,333,36840,903.9
2008,2008,Alleghany  ,37005,142,11131,1275.7
2008,2008,Anson  ,37007,310,26837,1155.1
2008,2008,Ashe  ,37009,299,26858,1113.3
2008,2008,Avery  ,37011,175,18024,970.9
2008,2008,Beaufort  ,37013,531,47297,1122.7
2008,2008,Bertie  ,37015,237,21121,1122.1
2008,2008,Bladen  ,37017,387,34665,1116.4
2008,2008,Brunswick  ,37019,1012,103257,980.1
2008,2008,Buncombe  ,37021,2291,233772,980
2008,2008,Burke  ,37023,949,90788,1045.3
2008,2008,Cabarrus  ,37025,1315,171915,764.9
2008,2008,Caldwell  ,37027,801,82527,970.6
2008,2008,Camden  ,37029,59,9802,601.9
2008,2008,Carteret  ,37031,729,64700,1126.7
2008,2008,Caswell  ,37033,252,23912,1053.9
2008,2008,Catawba  ,37035,1463,153848,950.9
2008,2008,Chatham  ,37037,566,61783,916.1
2008,2008,Cherokee  ,37039,345,27545,1252.5
2008,2008,Chowan  ,37041,189,14831,1274.4
2008,2008,Clay  ,37043,133,10492,1267.6
2008,2008,Cleveland  ,37045,1090,98155,1110.5
2008,2008,Columbus  ,37047,635,56503,1123.8
2008,2008,Craven  ,37049,914,99423,919.3
2008,2008,Cumberland  ,37051,2148,311800,688.9
2008,2008,Currituck  ,37053,187,23378,799.9
2008,2008,Dare  ,37055,252,33553,751.1
2008,2008,Davidson  ,37057,1459,161520,903.3
2008,2008,Davie  ,37059,353,40748,866.3
2008,2008,Duplin  ,37061,492,56810,866
2008,2008,Durham  ,37063,1767,259356,681.3
2008,2008,Edgecombe  ,37065,621,56420,1100.7
2008,2008,Forsyth  ,37067,2933,344330,851.8
2008,2008,Franklin  ,37069,463,58925,785.7
2008,2008,Gaston  ,37071,2048,204454,1001.7
2008,2008,Gates  ,37073,113,12098,934
2008,2008,Graham  ,37075,108,8742,1235.4
2008,2008,Granville  ,37077,549,58356,940.8
2008,2008,Greene  ,37079,173,21230,814.9
2008,2008,Guilford  ,37081,3697,477809,773.7
2008,2008,Halifax  ,37083,615,55568,1106.8
2008,2008,Harnett  ,37085,804,108752,739.3
2008,2008,Haywood  ,37087,682,58811,1159.6
2008,2008,Henderson  ,37089,1298,104289,1244.6
2008,2008,Hertford  ,37091,287,24473,1172.7
2008,2008,Hoke  ,37093,260,43912,592.1
2008,2008,Hyde  ,37095,62,5764,1075.6
2008,2008,Iredell  ,37097,1375,156204,880.3
2008,2008,Jackson  ,37099,314,38994,805.3
2008,2008,Johnston  ,37101,1122,161746,693.7
2008,2008,Jones  ,37103,119,9974,1193.1
2008,2008,Lee  ,37105,495,55822,886.7
2008,2008,Lenoir  ,37107,660,59398,1111.1
2008,2008,Lincoln  ,37109,697,76143,915.4
2008,2008,McDowell  ,37111,457,44768,1020.8
2008,2008,Macon  ,37113,406,33608,1208
2008,2008,Madison  ,37115,222,20585,1078.5
2008,2008,Martin  ,37117,309,24404,1266.2
2008,2008,Mecklenburg  ,37119,5033,887991,566.8
2008,2008,Mitchell  ,37121,199,15740,1264.3
2008,2008,Montgomery  ,37123,215,27716,775.7
2008,2008,Moore  ,37125,964,86122,1119.3
2008,2008,Nash  ,37127,915,94718,966
2008,2008,New Hanover  ,37129,1576,197709,797.1
2008,2008,Northampton  ,37131,267,22259,1199.5
2008,2008,Onslow  ,37133,889,169059,525.9
2008,2008,Orange  ,37135,717,129764,552.5
2008,2008,Pamlico  ,37137,148,13094,1130.3
2008,2008,Pasquotank  ,37139,363,40554,895.1
2008,2008,Pender  ,37141,436,50551,862.5
2008,2008,Perquimans  ,37143,160,13292,1203.7
2008,2008,Person  ,37145,398,39016,1020.1
2008,2008,Pitt  ,37147,1167,162116,719.9
2008,2008,Polk  ,37149,315,20393,1544.6
2008,2008,Randolph  ,37151,1306,140297,930.9
2008,2008,Richmond  ,37153,557,46538,1196.9
2008,2008,Robeson  ,37155,1212,131734,920
2008,2008,Rockingham  ,37157,1043,93299,1117.9
2008,2008,Rowan  ,37159,1400,137721,1016.5
2008,2008,Rutherford  ,37161,815,67145,1213.8
2008,2008,Sampson  ,37163,618,62837,983.5
2008,2008,Scotland  ,37165,428,36463,1173.8
2008,2008,Stanly  ,37167,620,60418,1026.2
2008,2008,Stokes  ,37169,456,47363,962.8
2008,2008,Surry  ,37171,848,73404,1155.3
2008,2008,Swain  ,37173,176,13872,1268.7
2008,2008,Transylvania  ,37175,377,32543,1158.5
2008,2008,Tyrrell  ,37177,58,4353,1332.4
2008,2008,Union  ,37179,1157,193678,597.4
2008,2008,Vance  ,37181,431,44977,958.3
2008,2008,Wake  ,37183,4110,856492,479.9
2008,2008,Warren  ,37185,211,20923,1008.5
2008,2008,Washington  ,37187,153,13300,1150.4
2008,2008,Watauga  ,37189,291,50266,578.9
2008,2008,Wayne  ,37191,1050,119910,875.7
2008,2008,Wilkes  ,37193,705,69317,1017.1
2008,2008,Wilson  ,37195,775,79790,971.3
2008,2008,Yadkin  ,37197,369,38225,965.3
2008,2008,Yancey  ,37199,192,18016,1065.7
2009,2009,Alamance  ,37001,1414,149954,943
2009,2009,Alexander  ,37003,334,37053,901.4
2009,2009,Alleghany  ,37005,118,11125,1060.7
2009,2009,Anson  ,37007,266,26917,988.2
2009,2009,Ashe  ,37009,318,27144,1171.5
2009,2009,Avery  ,37011,193,17925,1076.7
2009,2009,Beaufort  ,37013,551,47485,1160.4
2009,2009,Bertie  ,37015,252,21216,1187.8
2009,2009,Bladen  ,37017,397,34852,1139.1
2009,2009,Brunswick  ,37019,1074,105777,1015.3
2009,2009,Buncombe  ,37021,2299,236349,972.7
2009,2009,Burke  ,37023,899,91178,986
2009,2009,Cabarrus  ,37025,1331,175993,756.3
2009,2009,Caldwell  ,37027,843,82798,1018.1
2009,2009,Camden  ,37029,52,9899,525.3
2009,2009,Carteret  ,37031,736,65670,1120.8
2009,2009,Caswell  ,37033,222,23725,935.7
2009,2009,Catawba  ,37035,1480,154610,957.2
2009,2009,Chatham  ,37037,568,62693,906
2009,2009,Cherokee  ,37039,315,27378,1150.6
2009,2009,Chowan  ,37041,171,14915,1146.5
2009,2009,Clay  ,37043,141,10540,1337.8
2009,2009,Cleveland  ,37045,1098,98211,1118
2009,2009,Columbus  ,37047,644,58163,1107.2
2009,2009,Craven  ,37049,891,101923,874.2
2009,2009,Cumberland  ,37051,2144,317252,675.8
2009,2009,Currituck  ,37053,191,23335,818.5
2009,2009,Dare  ,37055,273,33679,810.6
2009,2009,Davidson  ,37057,1518,162406,934.7
2009,2009,Davie  ,37059,335,41035,816.4
2009,2009,Duplin  ,37061,492,57434,856.6
2009,2009,Durham  ,37063,1691,265356,637.3
2009,2009,Edgecombe  ,37065,572,56237,1017.1
2009,2009,Forsyth  ,37067,2829,348532,811.7
2009,2009,Franklin  ,37069,470,59959,783.9
2009,2009,Gaston  ,37071,2033,205884,987.4
2009,2009,Gates  ,37073,124,12138,1021.6
2009,2009,Graham  ,37075,96,8749,1097.3
2009,2009,Granville  ,37077,492,59411,828.1
2009,2009,Greene  ,37079,199,21253,936.3
2009,2009,Guilford  ,37081,3821,484180,789.2
2009,2009,Halifax  ,37083,668,55033,1213.8
2009,2009,Harnett  ,37085,849,111866,758.9
2009,2009,Haywood  ,37087,681,59152,1151.3
2009,2009,Henderson  ,37089,1243,105813,1174.7
2009,2009,Hertford  ,37091,261,24580,1061.8
2009,2009,Hoke  ,37093,248,45406,546.2
2009,2009,Hyde  ,37095,63,5774,1091.1
2009,2009,Iredell  ,37097,1328,158387,838.5
2009,2009,Jackson  ,37099,291,39856,730.1
2009,2009,Johnston  ,37101,1166,166478,700.4
2009,2009,Jones  ,37103,103,10143,1015.5
2009,2009,Lee  ,37105,490,57359,854.3
2009,2009,Lenoir  ,37107,723,59421,1216.7
2009,2009,Lincoln  ,37109,691,77573,890.8
2009,2009,McDowell  ,37111,458,44865,1020.8
2009,2009,Macon  ,37113,370,33820,1094
2009,2009,Madison  ,37115,204,20700,985.5
2009,2009,Martin  ,37117,298,24408,1220.9
2009,2009,Mecklenburg  ,37119,5077,908704,558.7
2009,2009,Mitchell  ,37121,211,15671,1346.4
2009,2009,Montgomery  ,37123,248,27710,895
2009,2009,Moore  ,37125,1035,87244,1186.3
2009,2009,Nash  ,37127,916,95492,959.2
2009,2009,New Hanover  ,37129,1583,200178,790.8
2009,2009,Northampton  ,37131,265,22102,1199
2009,2009,Onslow  ,37133,847,173064,489.4
2009,2009,Orange  ,37135,672,132369,507.7
2009,2009,Pamlico  ,37137,140,13136,1065.8
2009,2009,Pasquotank  ,37139,356,40541,878.1
2009,2009,Pender  ,37141,446,51636,863.7
2009,2009,Perquimans  ,37143,134,13273,1009.6
2009,2009,Person  ,37145,398,39335,1011.8
2009,2009,Pitt  ,37147,1136,165581,686.1
2009,2009,Polk  ,37149,287,20531,1397.9
2009,2009,Randolph  ,37151,1341,141175,949.9
2009,2009,Richmond  ,37153,522,46537,1121.7
2009,2009,Robeson  ,37155,1148,132984,863.3
2009,2009,Rockingham  ,37157,1049,93547,1121.4
2009,2009,Rowan  ,37159,1410,138562,1017.6
2009,2009,Rutherford  ,37161,771,67561,1141.2
2009,2009,Sampson  ,37163,592,63127,937.8
2009,2009,Scotland  ,37165,373,36313,1027.2
2009,2009,Stanly  ,37167,628,60496,1038.1
2009,2009,Stokes  ,37169,471,47422,993.2
2009,2009,Surry  ,37171,811,73505,1103.3
2009,2009,Swain  ,37173,185,13933,1327.8
2009,2009,Transylvania  ,37175,344,32852,1047.1
2009,2009,Tyrrell  ,37177,56,4358,1285
2009,2009,Union  ,37179,1066,198533,536.9
2009,2009,Vance  ,37181,448,45223,990.6
2009,2009,Wake  ,37183,4159,883624,470.7
2009,2009,Warren  ,37185,238,20959,1135.6
2009,2009,Washington  ,37187,151,13252,1139.5
2009,2009,Watauga  ,37189,331,50706,652.8
2009,2009,Wayne  ,37191,1170,121217,965.2
2009,2009,Wilkes  ,37193,712,69258,1028
2009,2009,Wilson  ,37195,789,80664,978.1
2009,2009,Yadkin  ,37197,382,38293,997.6
2009,2009,Yancey  ,37199,197,17931,1098.7
2010,2010,Alamance  ,37001,1405,151131,929.7
2010,2010,Alexander  ,37003,338,37198,908.7
2010,2010,Alleghany  ,37005,131,11155,1174.4
2010,2010,Anson  ,37007,296,26948,1098.4
2010,2010,Ashe  ,37009,315,27281,1154.6
2010,2010,Avery  ,37011,195,17797,1095.7
2010,2010,Beaufort  ,37013,563,47759,1178.8
2010,2010,Bertie  ,37015,249,21282,1170
2010,2010,Bladen  ,37017,367,35190,1042.9
2010,2010,Brunswick  ,37019,1067,107431,993.2
2010,2010,Buncombe  ,37021,2321,238318,973.9
2010,2010,Burke  ,37023,1015,90912,1116.5
2010,2010,Cabarrus  ,37025,1385,178011,778
2010,2010,Caldwell  ,37027,935,83029,1126.1
2010,2010,Camden  ,37029,77,9980,771.5
2010,2010,Carteret  ,37031,726,66469,1092.2
2010,2010,Caswell  ,37033,254,23719,1070.9
2010,2010,Catawba  ,37035,1563,154358,1012.6
2010,2010,Chatham  ,37037,588,63505,925.9
2010,2010,Cherokee  ,37039,330,27444,1202.4
2010,2010,Chowan  ,37041,189,14793,1277.6
2010,2010,Clay  ,37043,138,10587,1303.5
2010,2010,Cleveland  ,37045,1077,98078,1098.1
2010,2010,Columbus  ,37047,698,58098,1201.4
2010,2010,Craven  ,37049,961,103505,928.5
2010,2010,Cumberland  ,37051,2286,319431,715.6
2010,2010,Currituck  ,37053,191,23547,811.1
2010,2010,Dare  ,37055,294,33920,866.7
2010,2010,Davidson  ,37057,1553,162878,953.5
2010,2010,Davie  ,37059,390,41240,945.7
2010,2010,Duplin  ,37061,515,58505,880.3
2010,2010,Durham  ,37063,1796,267587,671.2
2010,2010,Edgecombe  ,37065,573,56552,1013.2
2010,2010,Forsyth  ,37067,2857,350670,814.7
2010,2010,Franklin  ,37069,456,60619,752.2
2010,2010,Gaston  ,37071,2077,206086,1007.8
2010,2010,Gates  ,37073,129,12197,1057.6
2010,2010,Graham  ,37075,97,8861,1094.7
2010,2010,Granville  ,37077,458,59916,764.4
2010,2010,Greene  ,37079,169,21362,791.1
2010,2010,Guilford  ,37081,3709,488406,759.4
2010,2010,Halifax  ,37083,620,54691,1133.6
2010,2010,Harnett  ,37085,827,114678,721.1
2010,2010,Haywood  ,37087,667,59036,1129.8
2010,2010,Henderson  ,37089,1243,106740,1164.5
2010,2010,Hertford  ,37091,234,24669,948.6
2010,2010,Hoke  ,37093,249,46952,530.3
2010,2010,Hyde  ,37095,54,5810,929.4
2010,2010,Iredell  ,37097,1345,159437,843.6
2010,2010,Jackson  ,37099,352,40271,874.1
2010,2010,Johnston  ,37101,1185,168878,701.7
2010,2010,Jones  ,37103,148,10153,1457.7
2010,2010,Lee  ,37105,536,57866,926.3
2010,2010,Lenoir  ,37107,706,59495,1186.7
2010,2010,Lincoln  ,37109,672,78265,858.6
2010,2010,McDowell  ,37111,415,44996,922.3
2010,2010,Macon  ,37113,418,33922,1232.2
2010,2010,Madison  ,37115,211,20764,1016.2
2010,2010,Martin  ,37117,310,24505,1265
2010,2010,Mecklenburg  ,37119,5079,919628,552.3
2010,2010,Mitchell  ,37121,212,15579,1360.8
2010,2010,Montgomery  ,37123,267,27798,960.5
2010,2010,Moore  ,37125,1012,88247,1146.8
2010,2010,Nash  ,37127,948,95840,989.1
2010,2010,New Hanover  ,37129,1573,202667,776.2
2010,2010,Northampton  ,37131,249,22099,1126.7
2010,2010,Onslow  ,37133,858,177772,482.6
2010,2010,Orange  ,37135,774,133801,578.5
2010,2010,Pamlico  ,37137,147,13144,1118.4
2010,2010,Pasquotank  ,37139,390,40661,959.2
2010,2010,Pender  ,37141,450,52217,861.8
2010,2010,Perquimans  ,37143,138,13453,1025.8
2010,2010,Person  ,37145,421,39464,1066.8
2010,2010,Pitt  ,37147,1097,168148,652.4
2010,2010,Polk  ,37149,303,20510,1477.3
2010,2010,Randolph  ,37151,1327,141752,936.1
2010,2010,Richmond  ,37153,550,46639,1179.3
2010,2010,Robeson  ,37155,1175,134168,875.8
2010,2010,Rockingham  ,37157,1024,93643,1093.5
2010,2010,Rowan  ,37159,1464,138428,1057.6
2010,2010,Rutherford  ,37161,821,67810,1210.7
2010,2010,Sampson  ,37163,643,63431,1013.7
2010,2010,Scotland  ,37165,367,36157,1015
2010,2010,Stanly  ,37167,658,60585,1086.1
2010,2010,Stokes  ,37169,494,47401,1042.2
2010,2010,Surry  ,37171,848,73673,1151
2010,2010,Swain  ,37173,186,13981,1330.4
2010,2010,Transylvania  ,37175,407,33090,1230
2010,2010,Tyrrell  ,37177,62,4407,1406.9
2010,2010,Union  ,37179,1218,201292,605.1
2010,2010,Vance  ,37181,436,45422,959.9
2010,2010,Wake  ,37183,4286,900993,475.7
2010,2010,Warren  ,37185,224,20972,1068.1
2010,2010,Washington  ,37187,161,13228,1217.1
2010,2010,Watauga  ,37189,322,51079,630.4
2010,2010,Wayne  ,37191,1109,122623,904.4
2010,2010,Wilkes  ,37193,721,69340,1039.8
2010,2010,Wilson  ,37195,791,81234,973.7
2010,2010,Yadkin  ,37197,410,38406,1067.5
2010,2010,Yancey  ,37199,226,17818,1268.4
2011,2011,Alamance  ,37001,1453,153291,947.9
2011,2011,Alexander  ,37003,362,37087,976.1
2011,2011,Alleghany  ,37005,139,11052,1257.7
2011,2011,Anson  ,37007,261,26609,980.9
2011,2011,Ashe  ,37009,334,27143,1230.5
2011,2011,Avery  ,37011,206,17572,1172.3
2011,2011,Beaufort  ,37013,523,47691,1096.6
2011,2011,Bertie  ,37015,257,20874,1231.2
2011,2011,Bladen  ,37017,367,34928,1050.7
2011,2011,Brunswick  ,37019,1136,110097,1031.8
2011,2011,Buncombe  ,37021,2288,241419,947.7
2011,2011,Burke  ,37023,990,90904,1089.1
2011,2011,Cabarrus  ,37025,1384,181468,762.7
2011,2011,Caldwell  ,37027,866,82395,1051
2011,2011,Camden  ,37029,69,10014,689
2011,2011,Carteret  ,37031,739,67373,1096.9
2011,2011,Caswell  ,37033,270,23403,1153.7
2011,2011,Catawba  ,37035,1484,154181,962.5
2011,2011,Chatham  ,37037,621,64195,967.4
2011,2011,Cherokee  ,37039,361,27194,1327.5
2011,2011,Chowan  ,37041,174,14853,1171.5
2011,2011,Clay  ,37043,121,10563,1145.5
2011,2011,Cleveland  ,37045,1069,97489,1096.5
2011,2011,Columbus  ,37047,622,57712,1077.8
2011,2011,Craven  ,37049,980,104786,935.2
2011,2011,Cumberland  ,37051,2284,324885,703
2011,2011,Currituck  ,37053,234,23955,976.8
2011,2011,Dare  ,37055,295,34307,859.9
2011,2011,Davidson  ,37057,1625,162697,998.8
2011,2011,Davie  ,37059,391,41552,941
2011,2011,Duplin  ,37061,485,59542,814.6
2011,2011,Durham  ,37063,1718,273392,628.4
2011,2011,Edgecombe  ,37065,584,56041,1042.1
2011,2011,Forsyth  ,37067,3133,354952,882.7
2011,2011,Franklin  ,37069,481,61140,786.7
2011,2011,Gaston  ,37071,2087,207031,1008.1
2011,2011,Gates  ,37073,110,12043,913.4
2011,2011,Graham  ,37075,101,8802,1147.5
2011,2011,Granville  ,37077,447,59976,745.3
2011,2011,Greene  ,37079,193,21556,895.3
2011,2011,Guilford  ,37081,3898,495279,787
2011,2011,Halifax  ,37083,654,54173,1207.2
2011,2011,Harnett  ,37085,787,119256,659.9
2011,2011,Haywood  ,37087,679,58855,1153.7
2011,2011,Henderson  ,37089,1313,107927,1216.6
2011,2011,Hertford  ,37091,285,24433,1166.5
2011,2011,Hoke  ,37093,341,49272,692.1
2011,2011,Hyde  ,37095,60,5822,1030.6
2011,2011,Iredell  ,37097,1440,161202,893.3
2011,2011,Jackson  ,37099,320,40285,794.3
2011,2011,Johnston  ,37101,1217,172595,705.1
2011,2011,Jones  ,37103,133,10020,1327.3
2011,2011,Lee  ,37105,556,58752,946.4
2011,2011,Lenoir  ,37107,645,59339,1087
2011,2011,Lincoln  ,37109,715,78932,905.8
2011,2011,McDowell  ,37111,519,45104,1150.7
2011,2011,Macon  ,37113,439,34074,1288.4
2011,2011,Madison  ,37115,216,20816,1037.7
2011,2011,Martin  ,37117,320,24180,1323.4
2011,2011,Mecklenburg  ,37119,5155,944373,545.9
2011,2011,Mitchell  ,37121,203,15445,1314.3
2011,2011,Montgomery  ,37123,285,27667,1030.1
2011,2011,Moore  ,37125,998,89352,1116.9
2011,2011,Nash  ,37127,976,96116,1015.4
2011,2011,New Hanover  ,37129,1707,206189,827.9
2011,2011,Northampton  ,37131,241,21893,1100.8
2011,2011,Onslow  ,37133,912,179719,507.5
2011,2011,Orange  ,37135,743,135755,547.3
2011,2011,Pamlico  ,37137,141,13197,1068.4
2011,2011,Pasquotank  ,37139,413,40696,1014.8
2011,2011,Pender  ,37141,441,53399,825.9
2011,2011,Perquimans  ,37143,133,13487,986.1
2011,2011,Person  ,37145,395,39637,996.5
2011,2011,Pitt  ,37147,1180,171134,689.5
2011,2011,Polk  ,37149,273,20256,1347.7
2011,2011,Randolph  ,37151,1275,142358,895.6
2011,2011,Richmond  ,37153,535,46611,1147.8
2011,2011,Robeson  ,37155,1218,135517,898.8
2011,2011,Rockingham  ,37157,1055,93329,1130.4
2011,2011,Rowan  ,37159,1482,138019,1073.8
2011,2011,Rutherford  ,37161,803,67538,1189
2011,2011,Sampson  ,37163,591,63734,927.3
2011,2011,Scotland  ,37165,362,35861,1009.5
2011,2011,Stanly  ,37167,631,60626,1040.8
2011,2011,Stokes  ,37169,490,47242,1037.2
2011,2011,Surry  ,37171,870,73714,1180.2
2011,2011,Swain  ,37173,189,14043,1345.9
2011,2011,Transylvania  ,37175,414,32820,1261.4
2011,2011,Tyrrell  ,37177,48,4364,1099.9
2011,2011,Union  ,37179,1147,205463,558.3
2011,2011,Vance  ,37181,444,45307,980
2011,2011,Wake  ,37183,4427,929780,476.1
2011,2011,Warren  ,37185,214,20861,1025.8
2011,2011,Washington  ,37187,150,12973,1156.2
2011,2011,Watauga  ,37189,347,51333,676
2011,2011,Wayne  ,37191,1156,123697,934.5
2011,2011,Wilkes  ,37193,674,68984,977
2011,2011,Wilson  ,37195,773,81452,949
2011,2011,Yadkin  ,37197,378,38279,987.5
2011,2011,Yancey  ,37199,232,17701,1310.7
2012,2012,Alamance  ,37001,1576,153920,1023.9
2012,2012,Alexander  ,37003,351,36853,952.4
2012,2012,Alleghany  ,37005,105,10927,960.9
2012,2012,Anson  ,37007,292,26351,1108.1
2012,2012,Ashe  ,37009,323,27097,1192
2012,2012,Avery  ,37011,194,17635,1100.1
2012,2012,Beaufort  ,37013,555,47507,1168.2
2012,2012,Bertie  ,37015,237,20653,1147.5
2012,2012,Bladen  ,37017,386,34915,1105.5
2012,2012,Brunswick  ,37019,1203,112257,1071.6
2012,2012,Buncombe  ,37021,2392,244490,978.4
2012,2012,Burke  ,37023,1003,90505,1108.2
2012,2012,Cabarrus  ,37025,1414,184498,766.4
2012,2012,Caldwell  ,37027,896,81930,1093.6
2012,2012,Camden  ,37029,76,10090,753.2
2012,2012,Carteret  ,37031,758,67632,1120.8
2012,2012,Caswell  ,37033,288,23217,1240.5
2012,2012,Catawba  ,37035,1598,154339,1035.4
2012,2012,Chatham  ,37037,618,65976,936.7
2012,2012,Cherokee  ,37039,361,26992,1337.4
2012,2012,Chowan  ,37041,159,14772,1076.4
2012,2012,Clay  ,37043,143,10618,1346.8
2012,2012,Cleveland  ,37045,1173,97474,1203.4
2012,2012,Columbus  ,37047,658,57638,1141.6
2012,2012,Craven  ,37049,982,104770,937.3
2012,2012,Cumberland  ,37051,2377,324049,733.5
2012,2012,Currituck  ,37053,224,24077,930.3
2012,2012,Dare  ,37055,288,34573,833
2012,2012,Davidson  ,37057,1657,163260,1014.9
2012,2012,Davie  ,37059,406,41433,979.9
2012,2012,Duplin  ,37061,519,60033,864.5
2012,2012,Durham  ,37063,1767,279641,631.9
2012,2012,Edgecombe  ,37065,584,55954,1043.7
2012,2012,Forsyth  ,37067,3088,358137,862.2
2012,2012,Franklin  ,37069,529,61475,860.5
2012,2012,Gaston  ,37071,2200,208049,1057.4
2012,2012,Gates  ,37073,117,11869,985.8
2012,2012,Graham  ,37075,122,8700,1402.3
2012,2012,Granville  ,37077,493,60436,815.7
2012,2012,Greene  ,37079,152,21429,709.3
2012,2012,Guilford  ,37081,3933,500879,785.2
2012,2012,Halifax  ,37083,653,54006,1209.1
2012,2012,Harnett  ,37085,913,122135,747.5
2012,2012,Haywood  ,37087,705,58908,1196.8
2012,2012,Henderson  ,37089,1282,108266,1184.1
2012,2012,Hertford  ,37091,257,24438,1051.6
2012,2012,Hoke  ,37093,287,50536,567.9
2012,2012,Hyde  ,37095,59,5859,1007
2012,2012,Iredell  ,37097,1437,162708,883.2
2012,2012,Jackson  ,37099,326,40448,806
2012,2012,Johnston  ,37101,1239,174938,708.3
2012,2012,Jones  ,37103,126,10275,1226.3
2012,2012,Lee  ,37105,505,59715,845.7
2012,2012,Lenoir  ,37107,710,59227,1198.8
2012,2012,Lincoln  ,37109,681,79313,858.6
2012,2012,McDowell  ,37111,482,44998,1071.2
2012,2012,Macon  ,37113,418,33869,1234.2
2012,2012,Madison  ,37115,209,20742,1007.6
2012,2012,Martin  ,37117,325,23961,1356.4
2012,2012,Mecklenburg  ,37119,5378,969031,555
2012,2012,Mitchell  ,37121,205,15368,1333.9
2012,2012,Montgomery  ,37123,266,27668,961.4
2012,2012,Moore  ,37125,1028,90302,1138.4
2012,2012,Nash  ,37127,964,95708,1007.2
2012,2012,New Hanover  ,37129,1703,209234,813.9
2012,2012,Northampton  ,37131,298,21428,1390.7
2012,2012,Onslow  ,37133,924,183263,504.2
2012,2012,Orange  ,37135,699,137941,506.7
2012,2012,Pamlico  ,37137,148,13074,1132
2012,2012,Pasquotank  ,37139,406,40591,1000.2
2012,2012,Pender  ,37141,507,54195,935.5
2012,2012,Perquimans  ,37143,146,13563,1076.5
2012,2012,Person  ,37145,418,39268,1064.5
2012,2012,Pitt  ,37147,1170,172554,678
2012,2012,Polk  ,37149,253,20271,1248.1
2012,2012,Randolph  ,37151,1426,142466,1000.9
2012,2012,Richmond  ,37153,539,46627,1156
2012,2012,Robeson  ,37155,1244,135496,918.1
2012,2012,Rockingham  ,37157,1096,92720,1182.1
2012,2012,Rowan  ,37159,1503,138180,1087.7
2012,2012,Rutherford  ,37161,785,67323,1166
2012,2012,Sampson  ,37163,612,63949,957
2012,2012,Scotland  ,37165,409,36094,1133.2
2012,2012,Stanly  ,37167,671,60576,1107.7
2012,2012,Stokes  ,37169,473,46783,1011.1
2012,2012,Surry  ,37171,829,73561,1127
2012,2012,Swain  ,37173,176,14141,1244.6
2012,2012,Transylvania  ,37175,376,32849,1144.6
2012,2012,Tyrrell  ,37177,42,4338,968.2
2012,2012,Union  ,37179,1238,208520,593.7
2012,2012,Vance  ,37181,476,45132,1054.7
2012,2012,Wake  ,37183,4715,952151,495.2
2012,2012,Warren  ,37185,221,20576,1074.1
2012,2012,Washington  ,37187,138,12736,1083.5
2012,2012,Watauga  ,37189,288,51871,555.2
2012,2012,Wayne  ,37191,1135,124246,913.5
2012,2012,Wilkes  ,37193,783,69306,1129.8
2012,2012,Wilson  ,37195,815,81867,995.5
2012,2012,Yadkin  ,37197,375,38084,984.7
2012,2012,Yancey  ,37199,236,17630,1338.6
2013,2013,Alamance  ,37001,1579,154378,1022.8
2013,2013,Alexander  ,37003,341,36930,923.4
2013,2013,Alleghany  ,37005,115,10939,1051.3
2013,2013,Anson  ,37007,296,26161,1131.5
2013,2013,Ashe  ,37009,313,27151,1152.8
2013,2013,Avery  ,37011,166,17713,937.2
2013,2013,Beaufort  ,37013,561,47464,1181.9
2013,2013,Bertie  ,37015,242,20344,1189.5
2013,2013,Bladen  ,37017,365,34843,1047.6
2013,2013,Brunswick  ,37019,1232,115301,1068.5
2013,2013,Buncombe  ,37021,2443,247912,985.4
2013,2013,Burke  ,37023,1005,89842,1118.6
2013,2013,Cabarrus  ,37025,1471,187226,785.7
2013,2013,Caldwell  ,37027,897,81990,1094
2013,2013,Camden  ,37029,66,10187,647.9
2013,2013,Carteret  ,37031,721,68434,1053.6
2013,2013,Caswell  ,37033,271,23190,1168.6
2013,2013,Catawba  ,37035,1568,154810,1012.9
2013,2013,Chatham  ,37037,636,66817,951.9
2013,2013,Cherokee  ,37039,352,27218,1293.3
2013,2013,Chowan  ,37041,194,14726,1317.4
2013,2013,Clay  ,37043,159,10584,1502.3
2013,2013,Cleveland  ,37045,1092,97047,1125.2
2013,2013,Columbus  ,37047,764,57246,1334.6
2013,2013,Craven  ,37049,1021,104489,977.1
2013,2013,Cumberland  ,37051,2295,325871,704.3
2013,2013,Currituck  ,37053,224,24396,918.2
2013,2013,Dare  ,37055,299,35019,853.8
2013,2013,Davidson  ,37057,1694,163420,1036.6
2013,2013,Davie  ,37059,434,41554,1044.4
2013,2013,Duplin  ,37061,526,60084,875.4
2013,2013,Durham  ,37063,1854,288133,643.5
2013,2013,Edgecombe  ,37065,595,55574,1070.6
2013,2013,Forsyth  ,37067,3155,361220,873.4
2013,2013,Franklin  ,37069,573,62260,920.3
2013,2013,Gaston  ,37071,2187,209420,1044.3
2013,2013,Gates  ,37073,89,11650,763.9
2013,2013,Graham  ,37075,98,8736,1121.8
2013,2013,Granville  ,37077,506,58275,868.3
2013,2013,Greene  ,37079,199,21232,937.3
2013,2013,Guilford  ,37081,3981,506610,785.8
2013,2013,Halifax  ,37083,668,53453,1249.7
2013,2013,Harnett  ,37085,897,124987,717.7
2013,2013,Haywood  ,37087,694,59183,1172.6
2013,2013,Henderson  ,37089,1337,109540,1220.6
2013,2013,Hertford  ,37091,236,24431,966
2013,2013,Hoke  ,37093,289,51322,563.1
2013,2013,Hyde  ,37095,47,5721,821.5
2013,2013,Iredell  ,37097,1481,164517,900.2
2013,2013,Jackson  ,37099,372,40919,909.1
2013,2013,Johnston  ,37101,1276,177967,717
2013,2013,Jones  ,37103,114,10215,1116
2013,2013,Lee  ,37105,526,60266,872.8
2013,2013,Lenoir  ,37107,706,58914,1198.4
2013,2013,Lincoln  ,37109,725,79740,909.2
2013,2013,McDowell  ,37111,515,44961,1145.4
2013,2013,Macon  ,37113,436,33857,1287.8
2013,2013,Madison  ,37115,229,21022,1089.3
2013,2013,Martin  ,37117,317,23699,1337.6
2013,2013,Mecklenburg  ,37119,5476,990977,552.6
2013,2013,Mitchell  ,37121,212,15328,1383.1
2013,2013,Montgomery  ,37123,291,27571,1055.5
2013,2013,Moore  ,37125,1095,91587,1195.6
2013,2013,Nash  ,37127,969,95093,1019
2013,2013,New Hanover  ,37129,1745,213267,818.2
2013,2013,Northampton  ,37131,258,20839,1238.1
2013,2013,Onslow  ,37133,914,185220,493.5
2013,2013,Orange  ,37135,740,140352,527.2
2013,2013,Pamlico  ,37137,130,12953,1003.6
2013,2013,Pasquotank  ,37139,421,39981,1053
2013,2013,Pender  ,37141,496,55334,896.4
2013,2013,Perquimans  ,37143,172,13601,1264.6
2013,2013,Person  ,37145,390,39276,993
2013,2013,Pitt  ,37147,1159,174263,665.1
2013,2013,Polk  ,37149,297,20411,1455.1
2013,2013,Randolph  ,37151,1360,142577,953.9
2013,2013,Richmond  ,37153,518,46405,1116.3
2013,2013,Robeson  ,37155,1270,134841,941.9
2013,2013,Rockingham  ,37157,1131,91878,1231
2013,2013,Rowan  ,37159,1612,138323,1165.4
2013,2013,Rutherford  ,37161,884,66956,1320.3
2013,2013,Sampson  ,37163,624,64150,972.7
2013,2013,Scotland  ,37165,383,36025,1063.2
2013,2013,Stanly  ,37167,656,60635,1081.9
2013,2013,Stokes  ,37169,495,46588,1062.5
2013,2013,Surry  ,37171,809,73050,1107.5
2013,2013,Swain  ,37173,182,14058,1294.6
2013,2013,Transylvania  ,37175,421,32903,1279.5
2013,2013,Tyrrell  ,37177,38,4109,924.8
2013,2013,Union  ,37179,1272,212756,597.9
2013,2013,Vance  ,37181,516,44808,1151.6
2013,2013,Wake  ,37183,4835,974289,496.3
2013,2013,Warren  ,37185,229,20575,1113
2013,2013,Washington  ,37187,160,12722,1257.7
2013,2013,Watauga  ,37189,327,52372,624.4
2013,2013,Wayne  ,37191,1054,124583,846
2013,2013,Wilkes  ,37193,807,69023,1169.2
2013,2013,Wilson  ,37195,863,81667,1056.7
2013,2013,Yadkin  ,37197,463,38038,1217.2
2013,2013,Yancey  ,37199,211,17566,1201.2
2014,2014,Alamance  ,37001,1557,155792,999.4
2014,2014,Alexander  ,37003,376,37392,1005.6
2014,2014,Alleghany  ,37005,134,10879,1231.7
2014,2014,Anson  ,37007,292,25765,1133.3
2014,2014,Ashe  ,37009,363,27126,1338.2
2014,2014,Avery  ,37011,199,17773,1119.7
2014,2014,Beaufort  ,37013,592,47585,1244.1
2014,2014,Bertie  ,37015,265,20106,1318
2014,2014,Bladen  ,37017,429,34657,1237.8
2014,2014,Brunswick  ,37019,1296,118836,1090.6
2014,2014,Buncombe  ,37021,2451,250539,978.3
2014,2014,Burke  ,37023,1025,89486,1145.4
2014,2014,Cabarrus  ,37025,1414,192103,736.1
2014,2014,Caldwell  ,37027,986,81484,1210.1
2014,2014,Camden  ,37029,84,10331,813.1
2014,2014,Carteret  ,37031,755,68811,1097.2
2014,2014,Caswell  ,37033,263,23082,1139.4
2014,2014,Catawba  ,37035,1611,154534,1042.5
2014,2014,Chatham  ,37037,619,68698,901
2014,2014,Cherokee  ,37039,403,27141,1484.8
2014,2014,Chowan  ,37041,167,14572,1146
2014,2014,Clay  ,37043,132,10581,1247.5
2014,2014,Cleveland  ,37045,1218,97076,1254.7
2014,2014,Columbus  ,37047,684,56953,1201
2014,2014,Craven  ,37049,1028,104510,983.6
2014,2014,Cumberland  ,37051,2418,326328,741
2014,2014,Currituck  ,37053,222,24976,888.9
2014,2014,Dare  ,37055,305,35104,868.8
2014,2014,Davidson  ,37057,1746,164072,1064.2
2014,2014,Davie  ,37059,441,41434,1064.3
2014,2014,Duplin  ,37061,528,59882,881.7
2014,2014,Durham  ,37063,1861,294460,632
2014,2014,Edgecombe  ,37065,628,54933,1143.2
2014,2014,Forsyth  ,37067,3136,365298,858.5
2014,2014,Franklin  ,37069,531,62860,844.7
2014,2014,Gaston  ,37071,2220,211127,1051.5
2014,2014,Gates  ,37073,117,11567,1011.5
2014,2014,Graham  ,37075,117,8644,1353.5
2014,2014,Granville  ,37077,506,58500,865
2014,2014,Greene  ,37079,211,21093,1000.3
2014,2014,Guilford  ,37081,4194,512119,819
2014,2014,Halifax  ,37083,671,52970,1266.8
2014,2014,Harnett  ,37085,947,126666,747.6
2014,2014,Haywood  ,37087,764,59471,1284.7
2014,2014,Henderson  ,37089,1336,111149,1202
2014,2014,Hertford  ,37091,277,24308,1139.5
2014,2014,Hoke  ,37093,294,51611,569.6
2014,2014,Hyde  ,37095,59,5676,1039.5
2014,2014,Iredell  ,37097,1495,166675,897
2014,2014,Jackson  ,37099,319,40981,778.4
2014,2014,Johnston  ,37101,1222,181423,673.6
2014,2014,Jones  ,37103,137,10076,1359.7
2014,2014,Lee  ,37105,544,59662,911.8
2014,2014,Lenoir  ,37107,713,58485,1219.1
2014,2014,Lincoln  ,37109,716,79829,896.9
2014,2014,McDowell  ,37111,543,44965,1207.6
2014,2014,Macon  ,37113,443,33875,1307.7
2014,2014,Madison  ,37115,240,21157,1134.4
2014,2014,Martin  ,37117,314,23454,1338.8
2014,2014,Mecklenburg  ,37119,5758,1012539,568.7
2014,2014,Mitchell  ,37121,203,15311,1325.8
2014,2014,Montgomery  ,37123,275,27395,1003.8
2014,2014,Moore  ,37125,1062,93077,1141
2014,2014,Nash  ,37127,998,94357,1057.7
2014,2014,New Hanover  ,37129,1831,216298,846.5
2014,2014,Northampton  ,37131,262,20463,1280.4
2014,2014,Onslow  ,37133,1027,187589,547.5
2014,2014,Orange  ,37135,754,140420,537
2014,2014,Pamlico  ,37137,175,12948,1351.6
2014,2014,Pasquotank  ,37139,384,39787,965.1
2014,2014,Pender  ,37141,509,56250,904.9
2014,2014,Perquimans  ,37143,152,13466,1128.8
2014,2014,Person  ,37145,440,39132,1124.4
2014,2014,Pitt  ,37147,1222,175354,696.9
2014,2014,Polk  ,37149,279,20357,1370.5
2014,2014,Randolph  ,37151,1439,142778,1007.9
2014,2014,Richmond  ,37153,512,45733,1119.5
2014,2014,Robeson  ,37155,1306,134760,969.1
2014,2014,Rockingham  ,37157,1119,91696,1220.3
2014,2014,Rowan  ,37159,1578,138630,1138.3
2014,2014,Rutherford  ,37161,859,66600,1289.8
2014,2014,Sampson  ,37163,692,64050,1080.4
2014,2014,Scotland  ,37165,379,35576,1065.3
2014,2014,Stanly  ,37167,672,60600,1108.9
2014,2014,Stokes  ,37169,508,46419,1094.4
2014,2014,Surry  ,37171,883,72968,1210.1
2014,2014,Swain  ,37173,169,14274,1184
2014,2014,Transylvania  ,37175,376,33045,1137.8
2014,2014,Tyrrell  ,37177,35,4115,850.5
2014,2014,Union  ,37179,1313,218568,600.7
2014,2014,Vance  ,37181,482,44614,1080.4
2014,2014,Wake  ,37183,5085,998691,509.2
2014,2014,Warren  ,37185,234,20231,1156.6
2014,2014,Washington  ,37187,137,12570,1089.9
2014,2014,Watauga  ,37189,325,52560,618.3
2014,2014,Wayne  ,37191,1134,124456,911.2
2014,2014,Wilkes  ,37193,791,68838,1149.1
2014,2014,Wilson  ,37195,808,81401,992.6
2014,2014,Yadkin  ,37197,415,37792,1098.1
2014,2014,Yancey  ,37199,227,17614,1288.7
2015,2015,Alamance  ,37001,1683,158276,1063.3
2015,2015,Alexander  ,37003,404,37325,1082.4
2015,2015,Alleghany  ,37005,133,10837,1227.3
2015,2015,Anson  ,37007,350,25759,1358.7
2015,2015,Ashe  ,37009,350,27020,1295.3
2015,2015,Avery  ,37011,203,17689,1147.6
2015,2015,Beaufort  ,37013,620,47651,1301.1
2015,2015,Bertie  ,37015,241,20199,1193.1
2015,2015,Bladen  ,37017,435,34318,1267.6
2015,2015,Brunswick  ,37019,1335,122765,1087.4
2015,2015,Buncombe  ,37021,2655,253178,1048.7
2015,2015,Burke  ,37023,1024,88842,1152.6
2015,2015,Cabarrus  ,37025,1633,196762,829.9
2015,2015,Caldwell  ,37027,930,81287,1144.1
2015,2015,Camden  ,37029,89,10309,863.3
2015,2015,Carteret  ,37031,795,68879,1154.2
2015,2015,Caswell  ,37033,251,22941,1094.1
2015,2015,Catawba  ,37035,1698,155056,1095.1
2015,2015,Chatham  ,37037,657,70928,926.3
2015,2015,Cherokee  ,37039,362,27178,1332
2015,2015,Chowan  ,37041,197,14394,1368.6
2015,2015,Clay  ,37043,143,10703,1336.1
2015,2015,Cleveland  ,37045,1222,96879,1261.4
2015,2015,Columbus  ,37047,678,56694,1195.9
2015,2015,Craven  ,37049,1089,103451,1052.7
2015,2015,Cumberland  ,37051,2478,323838,765.2
2015,2015,Currituck  ,37053,217,25263,859
2015,2015,Dare  ,37055,295,35663,827.2
2015,2015,Davidson  ,37057,1825,164622,1108.6
2015,2015,Davie  ,37059,482,41753,1154.4
2015,2015,Duplin  ,37061,581,59159,982.1
2015,2015,Durham  ,37063,1995,300952,662.9
2015,2015,Edgecombe  ,37065,646,54150,1193
2015,2015,Forsyth  ,37067,3354,369019,908.9
2015,2015,Franklin  ,37069,550,63710,863.3
2015,2015,Gaston  ,37071,2282,213442,1069.1
2015,2015,Gates  ,37073,127,11431,1111
2015,2015,Graham  ,37075,95,8616,1102.6
2015,2015,Granville  ,37077,521,58674,888
2015,2015,Greene  ,37079,196,21134,927.4
2015,2015,Guilford  ,37081,4290,517600,828.8
2015,2015,Halifax  ,37083,631,52456,1202.9
2015,2015,Harnett  ,37085,995,128140,776.5
2015,2015,Haywood  ,37087,779,59868,1301.2
2015,2015,Henderson  ,37089,1458,112655,1294.2
2015,2015,Hertford  ,37091,256,24184,1058.6
2015,2015,Hoke  ,37093,300,52671,569.6
2015,2015,Hyde  ,37095,63,5526,1140.1
2015,2015,Iredell  ,37097,1510,169866,888.9
2015,2015,Jackson  ,37099,368,41265,891.8
2015,2015,Johnston  ,37101,1451,185660,781.5
2015,2015,Jones  ,37103,117,10013,1168.5
2015,2015,Lee  ,37105,632,59660,1059.3
2015,2015,Lenoir  ,37107,742,58106,1277
2015,2015,Lincoln  ,37109,841,81035,1037.8
2015,2015,McDowell  ,37111,495,44989,1100.3
2015,2015,Macon  ,37113,436,34201,1274.8
2015,2015,Madison  ,37115,236,21139,1116.4
2015,2015,Martin  ,37117,306,23357,1310.1
2015,2015,Mecklenburg  ,37119,6024,1034070,582.6
2015,2015,Mitchell  ,37121,244,15246,1600.4
2015,2015,Montgomery  ,37123,290,27548,1052.7
2015,2015,Moore  ,37125,1115,94352,1181.7
2015,2015,Nash  ,37127,1022,93919,1088.2
2015,2015,New Hanover  ,37129,1925,220358,873.6
2015,2015,Northampton  ,37131,279,20426,1365.9
2015,2015,Onslow  ,37133,1104,186311,592.6
2015,2015,Orange  ,37135,787,141354,556.8
2015,2015,Pamlico  ,37137,173,12781,1353.6
2015,2015,Pasquotank  ,37139,419,39829,1052
2015,2015,Pender  ,37141,549,57611,952.9
2015,2015,Perquimans  ,37143,162,13440,1205.4
2015,2015,Person  ,37145,429,39259,1092.7
2015,2015,Pitt  ,37147,1290,175842,733.6
2015,2015,Polk  ,37149,290,20366,1423.9
2015,2015,Randolph  ,37151,1502,142799,1051.8
2015,2015,Richmond  ,37153,593,45437,1305.1
2015,2015,Robeson  ,37155,1341,134197,999.3
2015,2015,Rockingham  ,37157,1169,91758,1274
2015,2015,Rowan  ,37159,1615,139142,1160.7
2015,2015,Rutherford  ,37161,891,66390,1342.1
2015,2015,Sampson  ,37163,694,63724,1089.1
2015,2015,Scotland  ,37165,365,35509,1027.9
2015,2015,Stanly  ,37167,731,60714,1204
2015,2015,Stokes  ,37169,543,46351,1171.5
2015,2015,Surry  ,37171,910,72743,1251
2015,2015,Swain  ,37173,181,14434,1254
2015,2015,Transylvania  ,37175,397,33211,1195.4
2015,2015,Tyrrell  ,37177,50,4070,1228.5
2015,2015,Union  ,37179,1379,222742,619.1
2015,2015,Vance  ,37181,500,44568,1121.9
2015,2015,Wake  ,37183,5237,1024198,511.3
2015,2015,Warren  ,37185,250,20155,1240.4
2015,2015,Washington  ,37187,160,12385,1291.9
2015,2015,Watauga  ,37189,347,52906,655.9
2015,2015,Wayne  ,37191,1134,124132,913.5
2015,2015,Wilkes  ,37193,817,68502,1192.7
2015,2015,Wilson  ,37195,838,81714,1025.5
2015,2015,Yadkin  ,37197,441,37585,1173.3
2015,2015,Yancey  ,37199,219,17587,1245.2
2016,2016,Alamance  ,37001,1639,159688,1026.4
2016,2016,Alexander  ,37003,376,37428,1004.6
2016,2016,Alleghany  ,37005,150,10848,1382.7
2016,2016,Anson  ,37007,321,25448,1261.4
2016,2016,Ashe  ,37009,327,26924,1214.5
2016,2016,Avery  ,37011,193,17516,1101.8
2016,2016,Beaufort  ,37013,616,47526,1296.1
2016,2016,Bertie  ,37015,241,19854,1213.9
2016,2016,Bladen  ,37017,417,33741,1235.9
2016,2016,Brunswick  ,37019,1397,126953,1100.4
2016,2016,Buncombe  ,37021,2611,256088,1019.6
2016,2016,Burke  ,37023,1047,88851,1178.4
2016,2016,Cabarrus  ,37025,1496,201590,742.1
2016,2016,Caldwell  ,37027,989,81449,1214.3
2016,2016,Camden  ,37029,96,10418,921.5
2016,2016,Carteret  ,37031,804,68890,1167.1
2016,2016,Caswell  ,37033,289,22910,1261.5
2016,2016,Catawba  ,37035,1642,156459,1049.5
2016,2016,Chatham  ,37037,673,72243,931.6
2016,2016,Cherokee  ,37039,333,27905,1193.3
2016,2016,Chowan  ,37041,183,14383,1272.3
2016,2016,Clay  ,37043,144,10915,1319.3
2016,2016,Cleveland  ,37045,1242,97144,1278.5
2016,2016,Columbus  ,37047,714,56505,1263.6
2016,2016,Craven  ,37049,1137,103445,1099.1
2016,2016,Cumberland  ,37051,2559,327127,782.3
2016,2016,Currituck  ,37053,224,25809,867.9
2016,2016,Dare  ,37055,366,35964,1017.7
2016,2016,Davidson  ,37057,1740,164926,1055
2016,2016,Davie  ,37059,508,42013,1209.1
2016,2016,Duplin  ,37061,550,58969,932.7
2016,2016,Durham  ,37063,1979,306212,646.3
2016,2016,Edgecombe  ,37065,670,53318,1256.6
2016,2016,Forsyth  ,37067,3296,371511,887.2
2016,2016,Franklin  ,37069,575,64705,888.6
2016,2016,Gaston  ,37071,2289,216965,1055
2016,2016,Gates  ,37073,119,11478,1036.8
2016,2016,Graham  ,37075,103,8558,1203.6
2016,2016,Granville  ,37077,533,59031,902.9
2016,2016,Greene  ,37079,204,21168,963.7
2016,2016,Guilford  ,37081,4372,521330,838.6
2016,2016,Halifax  ,37083,656,51766,1267.2
2016,2016,Harnett  ,37085,982,130881,750.3
2016,2016,Haywood  ,37087,763,60682,1257.4
2016,2016,Henderson  ,37089,1379,114209,1207.4
2016,2016,Hertford  ,37091,263,24136,1089.7
2016,2016,Hoke  ,37093,315,53262,591.4
2016,2016,Hyde  ,37095,67,5517,1214.4
2016,2016,Iredell  ,37097,1567,172916,906.2
2016,2016,Jackson  ,37099,417,42241,987.2
2016,2016,Johnston  ,37101,1491,191450,778.8
2016,2016,Jones  ,37103,106,9845,1076.7
2016,2016,Lee  ,37105,541,59616,907.5
2016,2016,Lenoir  ,37107,713,57307,1244.2
2016,2016,Lincoln  ,37109,818,81168,1007.8
2016,2016,McDowell  ,37111,539,45075,1195.8
2016,2016,Macon  ,37113,487,34376,1416.7
2016,2016,Madison  ,37115,248,21340,1162.1
2016,2016,Martin  ,37117,313,23172,1350.8
2016,2016,Mecklenburg  ,37119,6227,1054835,590.3
2016,2016,Mitchell  ,37121,221,15126,1461.1
2016,2016,Montgomery  ,37123,293,27418,1068.6
2016,2016,Moore  ,37125,1158,95776,1209.1
2016,2016,Nash  ,37127,1058,94005,1125.5
2016,2016,New Hanover  ,37129,2005,223483,897.2
2016,2016,Northampton  ,37131,287,20000,1435
2016,2016,Onslow  ,37133,1193,187136,637.5
2016,2016,Orange  ,37135,825,141796,581.8
2016,2016,Pamlico  ,37137,166,12821,1294.8
2016,2016,Pasquotank  ,37139,428,39864,1073.7
2016,2016,Pender  ,37141,607,59090,1027.2
2016,2016,Perquimans  ,37143,176,13335,1319.8
2016,2016,Person  ,37145,437,39284,1112.4
2016,2016,Pitt  ,37147,1247,177220,703.6
2016,2016,Polk  ,37149,299,20334,1470.4
2016,2016,Randolph  ,37151,1516,143416,1057.1
2016,2016,Richmond  ,37153,564,44939,1255
2016,2016,Robeson  ,37155,1435,133235,1077
2016,2016,Rockingham  ,37157,1165,91393,1274.7
2016,2016,Rowan  ,37159,1626,139933,1162
2016,2016,Rutherford  ,37161,849,66421,1278.2
2016,2016,Sampson  ,37163,716,63124,1134.3
2016,2016,Scotland  ,37165,423,35244,1200.2
2016,2016,Stanly  ,37167,714,60791,1174.5
2016,2016,Stokes  ,37169,564,46097,1223.5
2016,2016,Surry  ,37171,906,72113,1256.4
2016,2016,Swain  ,37173,178,14346,1240.8
2016,2016,Transylvania  ,37175,458,33482,1367.9
2016,2016,Tyrrell  ,37177,44,4141,1062.5
2016,2016,Union  ,37179,1430,226606,631.1
2016,2016,Vance  ,37181,545,44244,1231.8
2016,2016,Wake  ,37183,5555,1046791,530.7
2016,2016,Warren  ,37185,275,19907,1381.4
2016,2016,Washington  ,37187,159,12195,1303.8
2016,2016,Watauga  ,37189,319,53922,591.6
2016,2016,Wayne  ,37191,1261,124150,1015.7
2016,2016,Wilkes  ,37193,860,68740,1251.1
2016,2016,Wilson  ,37195,796,81661,974.8
2016,2016,Yadkin  ,37197,430,37532,1145.7
2016,2016,Yancey  ,37199,221,17678,1250.1
2017,2017,Alamance  ,37001,1690,162391,1040.7
2017,2017,Alexander  ,37003,445,37286,1193.5
2017,2017,Alleghany  ,37005,138,11031,1251
2017,2017,Anson  ,37007,302,24991,1208.4
2017,2017,Ashe  ,37009,320,26957,1187.1
2017,2017,Avery  ,37011,212,17536,1208.9
2017,2017,Beaufort  ,37013,610,47088,1295.4
2017,2017,Bertie  ,37015,251,19224,1305.7
2017,2017,Bladen  ,37017,406,33478,1212.7
2017,2017,Brunswick  ,37019,1541,130897,1177.3
2017,2017,Buncombe  ,37021,2752,257607,1068.3
2017,2017,Burke  ,37023,1024,89293,1146.8
2017,2017,Cabarrus  ,37025,1663,206872,803.9
2017,2017,Caldwell  ,37027,969,81981,1182
2017,2017,Camden  ,37029,82,10581,775
2017,2017,Carteret  ,37031,784,68881,1138.2
2017,2017,Caswell  ,37033,276,22646,1218.8
2017,2017,Catawba  ,37035,1789,157974,1132.5
2017,2017,Chatham  ,37037,705,71472,986.4
2017,2017,Cherokee  ,37039,414,28087,1474
2017,2017,Chowan  ,37041,206,14105,1460.5
2017,2017,Clay  ,37043,179,11074,1616.4
2017,2017,Cleveland  ,37045,1196,97334,1228.8
2017,2017,Columbus  ,37047,748,55936,1337.2
2017,2017,Craven  ,37049,1082,102578,1054.8
2017,2017,Cumberland  ,37051,2578,332546,775.2
2017,2017,Currituck  ,37053,224,26331,850.7
2017,2017,Dare  ,37055,363,36099,1005.6
2017,2017,Davidson  ,37057,1885,165466,1139.2
2017,2017,Davie  ,37059,468,42456,1102.3
2017,2017,Duplin  ,37061,531,59039,899.4
2017,2017,Durham  ,37063,2092,311640,671.3
2017,2017,Edgecombe  ,37065,639,52747,1211.4
2017,2017,Forsyth  ,37067,3611,376320,959.6
2017,2017,Franklin  ,37069,601,66168,908.3
2017,2017,Gaston  ,37071,2361,220182,1072.3
2017,2017,Gates  ,37073,143,11544,1238.7
2017,2017,Graham  ,37075,102,8541,1194.2
2017,2017,Granville  ,37077,586,59557,983.9
2017,2017,Greene  ,37079,214,21015,1018.3
2017,2017,Guilford  ,37081,4589,526953,870.9
2017,2017,Halifax  ,37083,661,51310,1288.2
2017,2017,Harnett  ,37085,1004,132754,756.3
2017,2017,Haywood  ,37087,820,61084,1342.4
2017,2017,Henderson  ,37089,1386,115708,1197.8
2017,2017,Hertford  ,37091,266,23906,1112.7
2017,2017,Hoke  ,37093,384,54116,709.6
2017,2017,Hyde  ,37095,74,5363,1379.8
2017,2017,Iredell  ,37097,1645,175711,936.2
2017,2017,Jackson  ,37099,403,42973,937.8
2017,2017,Johnston  ,37101,1449,196708,736.6
2017,2017,Jones  ,37103,150,9597,1563
2017,2017,Lee  ,37105,652,60430,1078.9
2017,2017,Lenoir  ,37107,762,56883,1339.6
2017,2017,Lincoln  ,37109,797,82403,967.2
2017,2017,McDowell  ,37111,515,45159,1140.4
2017,2017,Macon  ,37113,487,34732,1402.2
2017,2017,Madison  ,37115,262,21746,1204.8
2017,2017,Martin  ,37117,331,22789,1452.5
2017,2017,Mecklenburg  ,37119,6191,1076837,574.9
2017,2017,Mitchell  ,37121,215,15072,1426.5
2017,2017,Montgomery  ,37123,314,27435,1144.5
2017,2017,Moore  ,37125,1163,97264,1195.7
2017,2017,Nash  ,37127,1153,93991,1226.7
2017,2017,New Hanover  ,37129,1926,227198,847.7
2017,2017,Northampton  ,37131,255,19862,1283.9
2017,2017,Onslow  ,37133,1179,193893,608.1
2017,2017,Orange  ,37135,815,144946,562.3
2017,2017,Pamlico  ,37137,181,12689,1426.4
2017,2017,Pasquotank  ,37139,430,39743,1082
2017,2017,Pender  ,37141,563,60958,923.6
2017,2017,Perquimans  ,37143,163,13474,1209.7
2017,2017,Person  ,37145,422,39370,1071.9
2017,2017,Pitt  ,37147,1331,179042,743.4
2017,2017,Polk  ,37149,310,20558,1507.9
2017,2017,Randolph  ,37151,1628,143282,1136.2
2017,2017,Richmond  ,37153,598,44798,1334.9
2017,2017,Robeson  ,37155,1416,132606,1067.8
2017,2017,Rockingham  ,37157,1121,90949,1232.6
2017,2017,Rowan  ,37159,1691,140644,1202.3
2017,2017,Rutherford  ,37161,869,66551,1305.8
2017,2017,Sampson  ,37163,709,63430,1117.8
2017,2017,Scotland  ,37165,425,35093,1211.1
2017,2017,Stanly  ,37167,759,61482,1234.5
2017,2017,Stokes  ,37169,597,45717,1305.9
2017,2017,Surry  ,37171,977,72224,1352.7
2017,2017,Swain  ,37173,203,14294,1420.2
2017,2017,Transylvania  ,37175,421,33956,1239.8
2017,2017,Tyrrell  ,37177,43,4052,1061.2
2017,2017,Union  ,37179,1503,231366,649.6
2017,2017,Vance  ,37181,572,44211,1293.8
2017,2017,Wake  ,37183,5741,1072203,535.4
2017,2017,Warren  ,37185,258,19883,1297.6
2017,2017,Washington  ,37187,169,12012,1406.9
2017,2017,Watauga  ,37189,359,55121,651.3
2017,2017,Wayne  ,37191,1243,124172,1001
2017,2017,Wilkes  ,37193,829,68576,1208.9
2017,2017,Wilson  ,37195,916,81671,1121.6
2017,2017,Yadkin  ,37197,465,37774,1231
2017,2017,Yancey  ,37199,215,17744,1211.7
2018,2018,Alamance  ,37001,1697,166436,1019.6
2018,2018,Alexander  ,37003,395,37353,1057.5
2018,2018,Alleghany  ,37005,147,11161,1317.1
2018,2018,Anson  ,37007,318,24877,1278.3
2018,2018,Ashe  ,37009,340,27109,1254.2
2018,2018,Avery  ,37011,212,17505,1211.1
2018,2018,Beaufort  ,37013,625,47079,1327.6
2018,2018,Bertie  ,37015,253,19026,1329.8
2018,2018,Bladen  ,37017,428,33190,1289.5
2018,2018,Brunswick  ,37019,1506,136744,1101.3
2018,2018,Buncombe  ,37021,2735,259103,1055.6
2018,2018,Burke  ,37023,1040,90382,1150.7
2018,2018,Cabarrus  ,37025,1528,211342,723
2018,2018,Caldwell  ,37027,962,82029,1172.8
2018,2018,Camden  ,37029,87,10710,812.3
2018,2018,Carteret  ,37031,949,69524,1365
2018,2018,Caswell  ,37033,279,22698,1229.2
2018,2018,Catawba  ,37035,1718,158652,1082.9
2018,2018,Chatham  ,37037,738,73139,1009
2018,2018,Cherokee  ,37039,403,28383,1419.9
2018,2018,Chowan  ,37041,179,14029,1275.9
2018,2018,Clay  ,37043,162,11139,1454.3
2018,2018,Cleveland  ,37045,1249,97645,1279.1
2018,2018,Columbus  ,37047,660,55655,1185.9
2018,2018,Craven  ,37049,1145,102912,1112.6
2018,2018,Cumberland  ,37051,2647,332330,796.5
2018,2018,Currituck  ,37053,253,27072,934.5
2018,2018,Dare  ,37055,395,36501,1082.2
2018,2018,Davidson  ,37057,1853,166614,1112.2
2018,2018,Davie  ,37059,452,42733,1057.7
2018,2018,Duplin  ,37061,523,58856,888.6
2018,2018,Durham  ,37063,2063,316739,651.3
2018,2018,Edgecombe  ,37065,762,52005,1465.2
2018,2018,Forsyth  ,37067,3462,379099,913.2
2018,2018,Franklin  ,37069,673,67560,996.2
2018,2018,Gaston  ,37071,2423,222846,1087.3
2018,2018,Gates  ,37073,139,11573,1201.1
2018,2018,Graham  ,37075,111,8484,1308.3
2018,2018,Granville  ,37077,566,60115,941.5
2018,2018,Greene  ,37079,204,21012,970.9
2018,2018,Guilford  ,37081,4595,533670,861
2018,2018,Halifax  ,37083,702,50574,1388.1
2018,2018,Harnett  ,37085,1054,134214,785.3
2018,2018,Haywood  ,37087,841,61971,1357.1
2018,2018,Henderson  ,37089,1445,116748,1237.7
2018,2018,Hertford  ,37091,276,23659,1166.6
2018,2018,Hoke  ,37093,367,54764,670.1
2018,2018,Hyde  ,37095,57,5230,1089.9
2018,2018,Iredell  ,37097,1546,178435,866.4
2018,2018,Jackson  ,37099,401,43327,925.5
2018,2018,Johnston  ,37101,1536,202675,757.9
2018,2018,Jones  ,37103,117,9637,1214.1
2018,2018,Lee  ,37105,610,61452,992.6
2018,2018,Lenoir  ,37107,736,55976,1314.8
2018,2018,Lincoln  ,37109,824,83770,983.6
2018,2018,McDowell  ,37111,562,45507,1235
2018,2018,Macon  ,37113,482,35285,1366
2018,2018,Madison  ,37115,275,21763,1263.6
2018,2018,Martin  ,37117,323,22671,1424.7
2018,2018,Mecklenburg  ,37119,6480,1093901,592.4
2018,2018,Mitchell  ,37121,242,15000,1613.3
2018,2018,Montgomery  ,37123,312,27271,1144.1
2018,2018,Moore  ,37125,1114,98682,1128.9
2018,2018,Nash  ,37127,1081,94016,1149.8
2018,2018,New Hanover  ,37129,1977,232274,851.1
2018,2018,Northampton  ,37131,260,19676,1321.4
2018,2018,Onslow  ,37133,1269,197683,641.9
2018,2018,Orange  ,37135,815,146027,558.1
2018,2018,Pamlico  ,37137,169,12670,1333.9
2018,2018,Pasquotank  ,37139,447,39639,1127.7
2018,2018,Pender  ,37141,616,62162,991
2018,2018,Perquimans  ,37143,173,13422,1288.9
2018,2018,Person  ,37145,508,39507,1285.8
2018,2018,Pitt  ,37147,1286,179914,714.8
2018,2018,Polk  ,37149,319,20611,1547.7
2018,2018,Randolph  ,37151,1577,143351,1100.1
2018,2018,Richmond  ,37153,533,44887,1187.4
2018,2018,Robeson  ,37155,1456,131831,1104.4
2018,2018,Rockingham  ,37157,1180,90690,1301.1
2018,2018,Rowan  ,37159,1661,141262,1175.8
2018,2018,Rutherford  ,37161,859,66826,1285.4
2018,2018,Sampson  ,37163,700,63626,1100.2
2018,2018,Scotland  ,37165,402,34810,1154.8
2018,2018,Stanly  ,37167,691,62075,1113.2
2018,2018,Stokes  ,37169,597,45467,1313
2018,2018,Surry  ,37171,984,71948,1367.7
2018,2018,Swain  ,37173,214,14245,1502.3
2018,2018,Transylvania  ,37175,411,34215,1201.2
2018,2018,Tyrrell  ,37177,53,4131,1283
2018,2018,Union  ,37179,1489,235908,631.2
2018,2018,Vance  ,37181,528,44582,1184.3
2018,2018,Wake  ,37183,5851,1092305,535.7
2018,2018,Warren  ,37185,262,19807,1322.8
2018,2018,Washington  ,37187,157,11859,1323.9
2018,2018,Watauga  ,37189,345,55945,616.7
2018,2018,Wayne  ,37191,1323,123248,1073.4
2018,2018,Wilkes  ,37193,837,68557,1220.9
2018,2018,Wilson  ,37195,979,81455,1201.9
2018,2018,Yadkin  ,37197,450,37543,1198.6
2018,2018,Yancey  ,37199,248,17903,1385.2
