Year,County, Code,Deaths,Population,Crude Rate
2007,Adams ,39001,298,28538,1044.2
2007,Allen ,39003,1031,106717,966.1
2007,Ashland ,39005,477,53544,890.9
2007,Ashtabula ,39007,1118,102156,1094.4
2007,Athens ,39009,473,64102,737.9
2007,Auglaize ,39011,512,45977,1113.6
2007,Belmont ,39013,904,70430,1283.5
2007,Brown ,39015,431,44490,968.8
2007,Butler ,39017,2892,361192,800.7
2007,Carroll ,39019,261,29062,898.1
2007,Champaign ,39021,402,40127,1001.8
2007,Clark ,39023,1645,139829,1176.4
2007,Clermont ,39025,1356,194346,697.7
2007,Clinton ,39027,354,42576,831.5
2007,Columbiana ,39029,1143,109153,1047.2
2007,Coshocton ,39031,373,37184,1003.1
2007,Crawford ,39033,517,44634,1158.3
2007,Cuyahoga ,39035,13807,1301540,1060.8
2007,Darke ,39037,565,52996,1066.1
2007,Defiance ,39039,332,39123,848.6
2007,Delaware ,39041,755,161796,466.6
2007,Erie ,39043,859,77668,1106
2007,Fairfield ,39045,1067,142915,746.6
2007,Fayette ,39047,322,28908,1113.9
2007,Franklin ,39049,8245,1127174,731.5
2007,Fulton ,39051,373,42800,871.5
2007,Gallia ,39053,340,30977,1097.6
2007,Geauga ,39055,700,93742,746.7
2007,Greene ,39057,1174,159055,738.1
2007,Guernsey ,39059,410,40531,1011.6
2007,Hamilton ,39061,7764,801815,968.3
2007,Hancock ,39063,577,74712,772.3
2007,Hardin ,39065,296,32132,921.2
2007,Harrison ,39067,201,15901,1264.1
2007,Henry ,39069,288,28671,1004.5
2007,Highland ,39071,417,43845,951.1
2007,Hocking ,39073,307,29418,1043.6
2007,Holmes ,39075,256,41826,612.1
2007,Huron ,39077,522,60086,868.8
2007,Jackson ,39079,358,33144,1080.1
2007,Jefferson ,39081,1009,70114,1439.1
2007,Knox ,39083,543,59843,907.4
2007,Lake ,39085,2090,228930,912.9
2007,Lawrence ,39087,727,62748,1158.6
2007,Licking ,39089,1298,162375,799.4
2007,Logan ,39091,425,46154,920.8
2007,Lorain ,39093,2577,298609,863
2007,Lucas ,39095,4263,445482,956.9
2007,Madison ,39097,378,42392,891.7
2007,Mahoning ,39099,2998,243453,1231.4
2007,Marion ,39101,693,66487,1042.3
2007,Medina ,39103,1201,168775,711.6
2007,Meigs ,39105,264,23612,1118.1
2007,Mercer ,39107,385,41055,937.8
2007,Miami ,39109,912,102130,893
2007,Monroe ,39111,153,14774,1035.6
2007,Montgomery ,39113,5373,540667,993.8
2007,Morgan ,39115,168,15175,1107.1
2007,Morrow ,39117,280,34937,801.4
2007,Muskingum ,39119,827,85939,962.3
2007,Noble ,39121,119,14614,814.3
2007,Ottawa ,39123,452,41690,1084.2
2007,Paulding ,39125,199,19735,1008.4
2007,Perry ,39127,282,35582,792.5
2007,Pickaway ,39129,467,55044,848.4
2007,Pike ,39131,311,28645,1085.7
2007,Portage ,39133,1186,159148,745.2
2007,Preble ,39135,376,42561,883.4
2007,Putnam ,39137,278,34752,800
2007,Richland ,39139,1237,126995,974.1
2007,Ross ,39141,726,77419,937.8
2007,Sandusky ,39143,638,61571,1036.2
2007,Scioto ,39145,893,78775,1133.6
2007,Seneca ,39147,582,57289,1015.9
2007,Shelby ,39149,391,49284,793.4
2007,Stark ,39151,3940,376877,1045.4
2007,Summit ,39153,5257,544275,965.9
2007,Trumbull ,39155,2474,214296,1154.5
2007,Tuscarawas ,39157,932,92511,1007.4
2007,Union ,39159,296,49906,593.1
2007,Van Wert ,39161,293,29182,1004
2007,Vinton ,39163,127,13566,936.2
2007,Warren ,39165,1263,205258,615.3
2007,Washington ,39167,652,62253,1047.3
2007,Wayne ,39169,950,114224,831.7
2007,Williams ,39171,344,38532,892.8
2007,Wood ,39173,951,125285,759.1
2007,Wyandot ,39175,232,22716,1021.3
2008,Adams ,39001,314,28686,1094.6
2008,Allen ,39003,1048,106773,981.5
2008,Ashland ,39005,504,53499,942.1
2008,Ashtabula ,39007,1118,101826,1098
2008,Athens ,39009,464,64546,718.9
2008,Auglaize ,39011,466,46167,1009.4
2008,Belmont ,39013,910,70356,1293.4
2008,Brown ,39015,476,44668,1065.6
2008,Butler ,39017,2794,364179,767.2
2008,Carroll ,39019,288,28999,993.1
2008,Champaign ,39021,366,40263,909
2008,Clark ,39023,1580,139404,1133.4
2008,Clermont ,39025,1521,195891,776.5
2008,Clinton ,39027,422,42656,989.3
2008,Columbiana ,39029,1276,108469,1176.4
2008,Coshocton ,39031,394,36953,1066.2
2008,Crawford ,39033,482,44291,1088.3
2008,Cuyahoga ,39035,14037,1291479,1086.9
2008,Darke ,39037,566,52909,1069.8
2008,Defiance ,39039,372,39250,947.8
2008,Delaware ,39041,781,166652,468.6
2008,Erie ,39043,915,77573,1179.5
2008,Fairfield ,39045,1159,144029,804.7
2008,Fayette ,39047,348,28896,1204.3
2008,Franklin ,39049,8547,1141183,749
2008,Fulton ,39051,393,42780,918.7
2008,Gallia ,39053,324,30997,1045.3
2008,Geauga ,39055,717,93583,766.2
2008,Greene ,39057,1270,160115,793.2
2008,Guernsey ,39059,434,40347,1075.7
2008,Hamilton ,39061,7832,799840,979.2
2008,Hancock ,39063,671,74781,897.3
2008,Hardin ,39065,316,32200,981.4
2008,Harrison ,39067,215,15856,1356
2008,Henry ,39069,266,28523,932.6
2008,Highland ,39071,448,43700,1025.2
2008,Hocking ,39073,299,29445,1015.5
2008,Holmes ,39075,269,42029,640
2008,Huron ,39077,548,60121,911.5
2008,Jackson ,39079,384,33164,1157.9
2008,Jefferson ,39081,969,69989,1384.5
2008,Knox ,39083,546,60348,904.8
2008,Lake ,39085,2247,229904,977.4
2008,Lawrence ,39087,716,62640,1143
2008,Licking ,39089,1369,163916,835.2
2008,Logan ,39091,441,46115,956.3
2008,Lorain ,39093,2632,299814,877.9
2008,Lucas ,39095,4334,443909,976.3
2008,Madison ,39097,363,43163,841
2008,Mahoning ,39099,3082,241572,1275.8
2008,Marion ,39101,652,66840,975.5
2008,Medina ,39103,1254,170330,736.2
2008,Meigs ,39105,292,23534,1240.8
2008,Mercer ,39107,401,41022,977.5
2008,Miami ,39109,909,102430,887.4
2008,Monroe ,39111,152,14833,1024.7
2008,Montgomery ,39113,5781,537664,1075.2
2008,Morgan ,39115,161,15104,1065.9
2008,Morrow ,39117,271,34877,777
2008,Muskingum ,39119,910,85874,1059.7
2008,Noble ,39121,140,14653,955.4
2008,Ottawa ,39123,454,41554,1092.6
2008,Paulding ,39125,205,19670,1042.2
2008,Perry ,39127,323,36150,893.5
2008,Pickaway ,39129,458,55376,827.1
2008,Pike ,39131,325,28763,1129.9
2008,Portage ,39133,1254,160184,782.8
2008,Preble ,39135,407,42688,953.4
2008,Putnam ,39137,290,34655,836.8
2008,Richland ,39139,1249,126128,990.3
2008,Ross ,39141,744,77675,957.8
2008,Sandusky ,39143,666,61184,1088.5
2008,Scioto ,39145,1026,79133,1296.6
2008,Seneca ,39147,578,57199,1010.5
2008,Shelby ,39149,382,49454,772.4
2008,Stark ,39151,3999,377141,1060.3
2008,Summit ,39153,5424,543116,998.7
2008,Trumbull ,39155,2463,212191,1160.7
2008,Tuscarawas ,39157,937,92634,1011.5
2008,Union ,39159,318,50856,625.3
2008,Van Wert ,39161,317,29075,1090.3
2008,Vinton ,39163,128,13452,951.5
2008,Warren ,39165,1322,208640,633.6
2008,Washington ,39167,758,62040,1221.8
2008,Wayne ,39169,1027,114610,896.1
2008,Williams ,39171,392,38297,1023.6
2008,Wood ,39173,943,125275,752.7
2008,Wyandot ,39175,222,22642,980.5
2009,Adams ,39001,315,28500,1105.3
2009,Allen ,39003,1049,106518,984.8
2009,Ashland ,39005,537,53305,1007.4
2009,Ashtabula ,39007,1090,101584,1073
2009,Athens ,39009,462,64618,715
2009,Auglaize ,39011,471,45996,1024
2009,Belmont ,39013,865,70439,1228
2009,Brown ,39015,431,44740,963.3
2009,Butler ,39017,2973,366633,810.9
2009,Carroll ,39019,273,28917,944.1
2009,Champaign ,39021,374,40265,928.8
2009,Clark ,39023,1597,138778,1150.8
2009,Clermont ,39025,1446,196512,735.8
2009,Clinton ,39027,421,42418,992.5
2009,Columbiana ,39029,1131,107948,1047.7
2009,Coshocton ,39031,361,36878,978.9
2009,Crawford ,39033,453,43921,1031.4
2009,Cuyahoga ,39035,13202,1285082,1027.3
2009,Darke ,39037,566,52829,1071.4
2009,Defiance ,39039,382,39060,978
2009,Delaware ,39041,871,170676,510.3
2009,Erie ,39043,848,77085,1100.1
2009,Fairfield ,39045,1125,145446,773.5
2009,Fayette ,39047,293,28929,1012.8
2009,Franklin ,39049,8475,1155408,733.5
2009,Fulton ,39051,379,42747,886.6
2009,Gallia ,39053,335,30857,1085.7
2009,Geauga ,39055,691,93446,739.5
2009,Greene ,39057,1274,161075,790.9
2009,Guernsey ,39059,435,40242,1081
2009,Hamilton ,39061,7519,802149,937.4
2009,Hancock ,39063,641,74964,855.1
2009,Hardin ,39065,307,32185,953.9
2009,Harrison ,39067,203,15860,1279.9
2009,Henry ,39069,224,28322,790.9
2009,Highland ,39071,463,43578,1062.5
2009,Hocking ,39073,286,29358,974.2
2009,Holmes ,39075,297,42275,702.5
2009,Huron ,39077,524,59754,876.9
2009,Jackson ,39079,353,33115,1066
2009,Jefferson ,39081,961,69833,1376.1
2009,Knox ,39083,586,60633,966.5
2009,Lake ,39085,2256,229954,981.1
2009,Lawrence ,39087,684,62667,1091.5
2009,Licking ,39089,1406,165283,850.7
2009,Logan ,39091,486,46055,1055.3
2009,Lorain ,39093,2610,300893,867.4
2009,Lucas ,39095,4255,442603,961.4
2009,Madison ,39097,349,43353,805
2009,Mahoning ,39099,2963,240050,1234.3
2009,Marion ,39101,679,66497,1021.1
2009,Medina ,39103,1224,171688,712.9
2009,Meigs ,39105,255,23770,1072.8
2009,Mercer ,39107,370,40855,905.6
2009,Miami ,39109,916,102526,893.4
2009,Monroe ,39111,198,14742,1343.1
2009,Montgomery ,39113,5404,535294,1009.5
2009,Morgan ,39115,152,15073,1008.4
2009,Morrow ,39117,274,34907,784.9
2009,Muskingum ,39119,907,85779,1057.4
2009,Noble ,39121,122,14649,832.8
2009,Ottawa ,39123,460,41498,1108.5
2009,Paulding ,39125,186,19659,946.1
2009,Perry ,39127,351,35996,975.1
2009,Pickaway ,39129,492,55323,889.3
2009,Pike ,39131,349,28679,1216.9
2009,Portage ,39133,1269,161226,787.1
2009,Preble ,39135,415,42424,978.2
2009,Putnam ,39137,316,34583,913.7
2009,Richland ,39139,1253,125308,999.9
2009,Ross ,39141,763,77862,979.9
2009,Sandusky ,39143,597,61039,978.1
2009,Scioto ,39145,886,79241,1118.1
2009,Seneca ,39147,551,56897,968.4
2009,Shelby ,39149,397,49540,801.4
2009,Stark ,39151,3810,376210,1012.7
2009,Summit ,39153,5362,542135,989.1
2009,Trumbull ,39155,2359,211290,1116.5
2009,Tuscarawas ,39157,943,92584,1018.5
2009,Union ,39159,294,51798,567.6
2009,Van Wert ,39161,287,28849,994.8
2009,Vinton ,39163,150,13474,1113.3
2009,Warren ,39165,1428,211231,676
2009,Washington ,39167,671,61968,1082.8
2009,Wayne ,39169,1012,114588,883.2
2009,Williams ,39171,371,37950,977.6
2009,Wood ,39173,950,125384,757.7
2009,Wyandot ,39175,235,22644,1037.8
2010,Adams ,39001,321,28550,1124.3
2010,Allen ,39003,1080,106331,1015.7
2010,Ashland ,39005,533,53139,1003
2010,Ashtabula ,39007,1118,101497,1101.5
2010,Athens ,39009,515,64757,795.3
2010,Auglaize ,39011,476,45949,1035.9
2010,Belmont ,39013,951,70400,1350.9
2010,Brown ,39015,457,44846,1019
2010,Butler ,39017,2855,368130,775.5
2010,Carroll ,39019,275,28836,953.7
2010,Champaign ,39021,393,40097,980.1
2010,Clark ,39023,1615,138333,1167.5
2010,Clermont ,39025,1551,197363,785.9
2010,Clinton ,39027,403,42040,958.6
2010,Columbiana ,39029,1137,107841,1054.3
2010,Coshocton ,39031,364,36901,986.4
2010,Crawford ,39033,490,43784,1119.1
2010,Cuyahoga ,39035,13390,1280122,1046
2010,Darke ,39037,503,52959,949.8
2010,Defiance ,39039,352,39037,901.7
2010,Delaware ,39041,881,174214,505.7
2010,Erie ,39043,893,77079,1158.6
2010,Fairfield ,39045,1101,146156,753.3
2010,Fayette ,39047,335,29030,1154
2010,Franklin ,39049,8528,1163414,733
2010,Fulton ,39051,400,42698,936.8
2010,Gallia ,39053,343,30934,1108.8
2010,Geauga ,39055,746,93389,798.8
2010,Greene ,39057,1256,161573,777.4
2010,Guernsey ,39059,450,40087,1122.6
2010,Hamilton ,39061,7537,802374,939.3
2010,Hancock ,39063,677,74782,905.3
2010,Hardin ,39065,319,32058,995.1
2010,Harrison ,39067,200,15864,1260.7
2010,Henry ,39069,268,28215,949.8
2010,Highland ,39071,476,43589,1092
2010,Hocking ,39073,278,29380,946.2
2010,Holmes ,39075,295,42366,696.3
2010,Huron ,39077,548,59626,919.1
2010,Jackson ,39079,397,33225,1194.9
2010,Jefferson ,39081,920,69709,1319.8
2010,Knox ,39083,595,60921,976.7
2010,Lake ,39085,2266,230041,985
2010,Lawrence ,39087,690,62450,1104.9
2010,Licking ,39089,1444,166492,867.3
2010,Logan ,39091,475,45858,1035.8
2010,Lorain ,39093,2794,301356,927.1
2010,Lucas ,39095,4186,441815,947.5
2010,Madison ,39097,381,43435,877.2
2010,Mahoning ,39099,3054,238823,1278.8
2010,Marion ,39101,658,66501,989.5
2010,Medina ,39103,1293,172332,750.3
2010,Meigs ,39105,257,23770,1081.2
2010,Mercer ,39107,400,40814,980.1
2010,Miami ,39109,946,102506,922.9
2010,Monroe ,39111,172,14642,1174.7
2010,Montgomery ,39113,5653,535153,1056.3
2010,Morgan ,39115,152,15054,1009.7
2010,Morrow ,39117,298,34827,855.7
2010,Muskingum ,39119,925,86074,1074.7
2010,Noble ,39121,120,14645,819.4
2010,Ottawa ,39123,444,41428,1071.7
2010,Paulding ,39125,183,19614,933
2010,Perry ,39127,321,36058,890.2
2010,Pickaway ,39129,497,55698,892.3
2010,Pike ,39131,292,28709,1017.1
2010,Portage ,39133,1307,161419,809.7
2010,Preble ,39135,439,42270,1038.6
2010,Putnam ,39137,308,34499,892.8
2010,Richland ,39139,1315,124475,1056.4
2010,Ross ,39141,813,78064,1041.5
2010,Sandusky ,39143,655,60944,1074.8
2010,Scioto ,39145,948,79499,1192.5
2010,Seneca ,39147,527,56745,928.7
2010,Shelby ,39149,377,49423,762.8
2010,Stark ,39151,3952,375586,1052.2
2010,Summit ,39153,5334,541781,984.5
2010,Trumbull ,39155,2360,210312,1122.1
2010,Tuscarawas ,39157,928,92582,1002.4
2010,Union ,39159,317,52300,606.1
2010,Van Wert ,39161,256,28744,890.6
2010,Vinton ,39163,118,13435,878.3
2010,Warren ,39165,1398,212693,657.3
2010,Washington ,39167,632,61778,1023
2010,Wayne ,39169,1027,114520,896.8
2010,Williams ,39171,374,37642,993.6
2010,Wood ,39173,989,125488,788.1
2010,Wyandot ,39175,214,22615,946.3
2011,Adams ,39001,307,28456,1078.9
2011,Allen ,39003,1051,106094,990.6
2011,Ashland ,39005,531,53153,999
2011,Ashtabula ,39007,1179,101345,1163.4
2011,Athens ,39009,507,64769,782.8
2011,Auglaize ,39011,462,45838,1007.9
2011,Belmont ,39013,923,70151,1315.7
2011,Brown ,39015,465,44687,1040.6
2011,Butler ,39017,3077,369999,831.6
2011,Carroll ,39019,312,28782,1084
2011,Champaign ,39021,394,39795,990.1
2011,Clark ,39023,1660,137691,1205.6
2011,Clermont ,39025,1504,199139,755.3
2011,Clinton ,39027,456,41927,1087.6
2011,Columbiana ,39029,1198,107570,1113.7
2011,Coshocton ,39031,398,36955,1077
2011,Crawford ,39033,506,43389,1166.2
2011,Cuyahoga ,39035,13825,1270294,1088.3
2011,Darke ,39037,567,52809,1073.7
2011,Defiance ,39039,386,38884,992.7
2011,Delaware ,39041,860,178341,482.2
2011,Erie ,39043,918,76751,1196.1
2011,Fairfield ,39045,1109,147066,754.1
2011,Fayette ,39047,357,28985,1231.7
2011,Franklin ,39049,8650,1178799,733.8
2011,Fulton ,39051,372,42510,875.1
2011,Gallia ,39053,347,30970,1120.4
2011,Geauga ,39055,738,93228,791.6
2011,Greene ,39057,1302,162846,799.5
2011,Guernsey ,39059,425,39927,1064.4
2011,Hamilton ,39061,7769,800362,970.7
2011,Hancock ,39063,702,75056,935.3
2011,Hardin ,39065,300,32020,936.9
2011,Harrison ,39067,183,15850,1154.6
2011,Henry ,39069,277,28064,987
2011,Highland ,39071,468,43433,1077.5
2011,Hocking ,39073,313,29394,1064.8
2011,Holmes ,39075,276,42746,645.7
2011,Huron ,39077,559,59496,939.6
2011,Jackson ,39079,387,33186,1166.2
2011,Jefferson ,39081,1046,68828,1519.7
2011,Knox ,39083,651,61275,1062.4
2011,Lake ,39085,2346,229885,1020.5
2011,Lawrence ,39087,713,62489,1141
2011,Licking ,39089,1411,167248,843.7
2011,Logan ,39091,432,45688,945.5
2011,Lorain ,39093,2893,301614,959.2
2011,Lucas ,39095,4230,440005,961.4
2011,Madison ,39097,370,43401,852.5
2011,Mahoning ,39099,3045,237270,1283.3
2011,Marion ,39101,645,66212,974.1
2011,Medina ,39103,1372,173262,791.9
2011,Meigs ,39105,265,23680,1119.1
2011,Mercer ,39107,367,40838,898.7
2011,Miami ,39109,1011,102857,982.9
2011,Monroe ,39111,172,14585,1179.3
2011,Montgomery ,39113,5693,537602,1059
2011,Morgan ,39115,178,15034,1184
2011,Morrow ,39117,310,34855,889.4
2011,Muskingum ,39119,884,86237,1025.1
2011,Noble ,39121,127,14702,863.8
2011,Ottawa ,39123,444,41396,1072.6
2011,Paulding ,39125,197,19420,1014.4
2011,Perry ,39127,354,36303,975.1
2011,Pickaway ,39129,484,55990,864.4
2011,Pike ,39131,329,28628,1149.2
2011,Portage ,39133,1304,161624,806.8
2011,Preble ,39135,456,42083,1083.6
2011,Putnam ,39137,294,34294,857.3
2011,Richland ,39139,1355,123510,1097.1
2011,Ross ,39141,810,78249,1035.2
2011,Sandusky ,39143,611,60734,1006
2011,Scioto ,39145,906,79277,1142.8
2011,Seneca ,39147,576,56469,1020
2011,Shelby ,39149,439,49307,890.3
2011,Stark ,39151,4067,375087,1084.3
2011,Summit ,39153,5543,539832,1026.8
2011,Trumbull ,39155,2549,209264,1218.1
2011,Tuscarawas ,39157,987,92508,1066.9
2011,Union ,39159,319,52764,604.6
2011,Van Wert ,39161,287,28601,1003.5
2011,Vinton ,39163,137,13367,1024.9
2011,Warren ,39165,1456,214910,677.5
2011,Washington ,39167,742,61755,1201.5
2011,Wayne ,39169,1023,114611,892.6
2011,Williams ,39171,355,37597,944.2
2011,Wood ,39173,1015,126355,803.3
2011,Wyandot ,39175,207,22692,912.2
2012,Adams ,39001,331,28350,1167.5
2012,Allen ,39003,1121,105141,1066.2
2012,Ashland ,39005,566,52962,1068.7
2012,Ashtabula ,39007,1155,100389,1150.5
2012,Athens ,39009,468,64304,727.8
2012,Auglaize ,39011,505,45831,1101.9
2012,Belmont ,39013,929,69671,1333.4
2012,Brown ,39015,459,44381,1034.2
2012,Butler ,39017,2906,370589,784.2
2012,Carroll ,39019,285,28587,997
2012,Champaign ,39021,373,39565,942.8
2012,Clark ,39023,1713,137206,1248.5
2012,Clermont ,39025,1612,199085,809.7
2012,Clinton ,39027,447,41886,1067.2
2012,Columbiana ,39029,1179,106507,1107
2012,Coshocton ,39031,410,36779,1114.8
2012,Crawford ,39033,541,42849,1262.6
2012,Cuyahoga ,39035,13780,1265111,1089.2
2012,Darke ,39037,535,52507,1018.9
2012,Defiance ,39039,376,38677,972.2
2012,Delaware ,39041,943,181061,520.8
2012,Erie ,39043,873,76398,1142.7
2012,Fairfield ,39045,1162,147474,787.9
2012,Fayette ,39047,346,28880,1198.1
2012,Franklin ,39049,8830,1195537,738.6
2012,Fulton ,39051,387,42513,910.3
2012,Gallia ,39053,356,30708,1159.3
2012,Geauga ,39055,761,93680,812.3
2012,Greene ,39057,1366,163587,835
2012,Guernsey ,39059,438,39817,1100
2012,Hamilton ,39061,7508,802038,936.1
2012,Hancock ,39063,703,75671,929
2012,Hardin ,39065,329,31627,1040.3
2012,Harrison ,39067,217,15714,1380.9
2012,Henry ,39069,280,28045,998.4
2012,Highland ,39071,499,42998,1160.5
2012,Hocking ,39073,300,29273,1024.8
2012,Holmes ,39075,293,43025,681
2012,Huron ,39077,587,59280,990.2
2012,Jackson ,39079,405,32954,1229
2012,Jefferson ,39081,979,68389,1431.5
2012,Knox ,39083,631,60705,1039.5
2012,Lake ,39085,2329,229582,1014.5
2012,Lawrence ,39087,745,62109,1199.5
2012,Licking ,39089,1539,167537,918.6
2012,Logan ,39091,458,45474,1007.2
2012,Lorain ,39093,2865,301478,950.3
2012,Lucas ,39095,4418,437998,1008.7
2012,Madison ,39097,407,43053,945.3
2012,Mahoning ,39099,3072,235145,1306.4
2012,Marion ,39101,715,66238,1079.4
2012,Medina ,39103,1404,173684,808.4
2012,Meigs ,39105,251,23593,1063.9
2012,Mercer ,39107,423,40875,1034.9
2012,Miami ,39109,993,103060,963.5
2012,Monroe ,39111,166,14549,1141
2012,Montgomery ,39113,5681,534325,1063.2
2012,Morgan ,39115,173,14911,1160.2
2012,Morrow ,39117,289,34938,827.2
2012,Muskingum ,39119,1005,85950,1169.3
2012,Noble ,39121,117,14579,802.5
2012,Ottawa ,39123,500,41339,1209.5
2012,Paulding ,39125,209,19295,1083.2
2012,Perry ,39127,341,36015,946.8
2012,Pickaway ,39129,526,56399,932.6
2012,Pike ,39131,336,28480,1179.8
2012,Portage ,39133,1384,161451,857.2
2012,Preble ,39135,455,41886,1086.3
2012,Putnam ,39137,311,34198,909.4
2012,Richland ,39139,1310,122673,1067.9
2012,Ross ,39141,857,77429,1106.8
2012,Sandusky ,39143,594,60510,981.7
2012,Scioto ,39145,976,78477,1243.7
2012,Seneca ,39147,650,56018,1160.3
2012,Shelby ,39149,406,49167,825.8
2012,Stark ,39151,4070,374868,1085.7
2012,Summit ,39153,5522,540811,1021.1
2012,Trumbull ,39155,2529,207406,1219.3
2012,Tuscarawas ,39157,968,92392,1047.7
2012,Union ,39159,328,52715,622.2
2012,Van Wert ,39161,316,28744,1099.4
2012,Vinton ,39163,134,13239,1012.2
2012,Warren ,39165,1519,217241,699.2
2012,Washington ,39167,699,61475,1137
2012,Wayne ,39169,1067,114848,929.1
2012,Williams ,39171,367,37513,978.3
2012,Wood ,39173,959,128200,748
2012,Wyandot ,39175,231,22607,1021.8
2013,Adams ,39001,337,28105,1199.1
2013,Allen ,39003,1082,105298,1027.6
2013,Ashland ,39005,548,53043,1033.1
2013,Ashtabula ,39007,1193,99811,1195.3
2013,Athens ,39009,413,64681,638.5
2013,Auglaize ,39011,476,45920,1036.6
2013,Belmont ,39013,873,69571,1254.8
2013,Brown ,39015,501,44264,1131.8
2013,Butler ,39017,3190,371272,859.2
2013,Carroll ,39019,286,28275,1011.5
2013,Champaign ,39021,353,39455,894.7
2013,Clark ,39023,1663,136167,1221.3
2013,Clermont ,39025,1599,200218,798.6
2013,Clinton ,39027,431,41945,1027.5
2013,Columbiana ,39029,1274,105893,1203.1
2013,Coshocton ,39031,459,36760,1248.6
2013,Crawford ,39033,525,42808,1226.4
2013,Cuyahoga ,39035,13697,1263154,1084.3
2013,Darke ,39037,602,52376,1149.4
2013,Defiance ,39039,347,38532,900.6
2013,Delaware ,39041,989,184979,534.7
2013,Erie ,39043,930,76048,1222.9
2013,Fairfield ,39045,1166,148867,783.2
2013,Fayette ,39047,353,28800,1225.7
2013,Franklin ,39049,8907,1212263,734.7
2013,Fulton ,39051,428,42488,1007.3
2013,Gallia ,39053,370,30621,1208.3
2013,Geauga ,39055,776,93972,825.8
2013,Greene ,39057,1334,163204,817.4
2013,Guernsey ,39059,488,39636,1231.2
2013,Hamilton ,39061,7653,804520,951.3
2013,Hancock ,39063,663,75773,875
2013,Hardin ,39065,328,31641,1036.6
2013,Harrison ,39067,173,15622,1107.4
2013,Henry ,39069,248,28092,882.8
2013,Highland ,39071,454,43299,1048.5
2013,Hocking ,39073,315,28665,1098.9
2013,Holmes ,39075,304,43593,697.4
2013,Huron ,39077,628,58889,1066.4
2013,Jackson ,39079,382,32783,1165.2
2013,Jefferson ,39081,922,67964,1356.6
2013,Knox ,39083,566,60810,930.8
2013,Lake ,39085,2383,229857,1036.7
2013,Lawrence ,39087,752,61917,1214.5
2013,Licking ,39089,1466,168375,870.7
2013,Logan ,39091,480,45481,1055.4
2013,Lorain ,39093,2936,302827,969.5
2013,Lucas ,39095,4439,436393,1017.2
2013,Madison ,39097,397,43277,917.3
2013,Mahoning ,39099,3045,233869,1302
2013,Marion ,39101,705,65905,1069.7
2013,Medina ,39103,1353,174915,773.5
2013,Meigs ,39105,278,23496,1183.2
2013,Mercer ,39107,406,40784,995.5
2013,Miami ,39109,1067,103439,1031.5
2013,Monroe ,39111,178,14585,1220.4
2013,Montgomery ,39113,5893,535846,1099.8
2013,Morgan ,39115,171,14904,1147.3
2013,Morrow ,39117,295,35033,842.1
2013,Muskingum ,39119,932,85231,1093.5
2013,Noble ,39121,150,14628,1025.4
2013,Ottawa ,39123,486,41153,1181
2013,Paulding ,39125,171,19254,888.1
2013,Perry ,39127,324,35997,900.1
2013,Pickaway ,39129,503,56304,893.4
2013,Pike ,39131,344,28367,1212.7
2013,Portage ,39133,1373,163862,837.9
2013,Preble ,39135,460,41732,1102.3
2013,Putnam ,39137,310,34088,909.4
2013,Richland ,39139,1386,121773,1138.2
2013,Ross ,39141,763,77910,979.3
2013,Sandusky ,39143,667,60098,1109.9
2013,Scioto ,39145,937,78153,1198.9
2013,Seneca ,39147,569,55914,1017.6
2013,Shelby ,39149,433,49192,880.2
2013,Stark ,39151,4043,375432,1076.9
2013,Summit ,39153,5552,541824,1024.7
2013,Trumbull ,39155,2465,206442,1194
2013,Tuscarawas ,39157,1030,92672,1111.4
2013,Union ,39159,357,53306,669.7
2013,Van Wert ,39161,331,28459,1163.1
2013,Vinton ,39163,155,13276,1167.5
2013,Warren ,39165,1589,219169,725
2013,Washington ,39167,725,61310,1182.5
2013,Wayne ,39169,1052,115071,914.2
2013,Williams ,39171,403,37500,1074.7
2013,Wood ,39173,1022,129264,790.6
2013,Wyandot ,39175,256,22447,1140.5
2014,Adams ,39001,314,28129,1116.3
2014,Allen ,39003,1097,105040,1044.4
2014,Ashland ,39005,547,53035,1031.4
2014,Ashtabula ,39007,1156,99175,1165.6
2014,Athens ,39009,487,64713,752.6
2014,Auglaize ,39011,480,45841,1047.1
2014,Belmont ,39013,824,69461,1186.3
2014,Brown ,39015,485,44116,1099.4
2014,Butler ,39017,3145,374158,840.6
2014,Carroll ,39019,377,28187,1337.5
2014,Champaign ,39021,397,39128,1014.6
2014,Clark ,39023,1693,136554,1239.8
2014,Clermont ,39025,1658,201560,822.6
2014,Clinton ,39027,428,41835,1023.1
2014,Columbiana ,39029,1282,105686,1213
2014,Coshocton ,39031,397,36516,1087.2
2014,Crawford ,39033,586,42480,1379.5
2014,Cuyahoga ,39035,13288,1259828,1054.7
2014,Darke ,39037,582,52196,1115
2014,Defiance ,39039,400,38510,1038.7
2014,Delaware ,39041,1031,189113,545.2
2014,Erie ,39043,936,75828,1234.4
2014,Fairfield ,39045,1186,150381,788.7
2014,Fayette ,39047,350,28800,1215.3
2014,Franklin ,39049,9019,1231393,732.4
2014,Fulton ,39051,413,42580,969.9
2014,Gallia ,39053,374,30397,1230.4
2014,Geauga ,39055,791,94295,838.9
2014,Greene ,39057,1433,163820,874.7
2014,Guernsey ,39059,452,39590,1141.7
2014,Hamilton ,39061,8000,806631,991.8
2014,Hancock ,39063,706,75337,937.1
2014,Hardin ,39065,318,31796,1000.1
2014,Harrison ,39067,227,15543,1460.5
2014,Henry ,39069,276,27937,987.9
2014,Highland ,39071,478,43045,1110.5
2014,Hocking ,39073,306,28725,1065.3
2014,Holmes ,39075,309,43898,703.9
2014,Huron ,39077,573,58714,975.9
2014,Jackson ,39079,428,32748,1307
2014,Jefferson ,39081,973,67694,1437.4
2014,Knox ,39083,563,61167,920.4
2014,Lake ,39085,2353,229230,1026.5
2014,Lawrence ,39087,738,61623,1197.6
2014,Licking ,39089,1550,169390,915
2014,Logan ,39091,499,45507,1096.5
2014,Lorain ,39093,2946,304216,968.4
2014,Lucas ,39095,4410,435286,1013.1
2014,Madison ,39097,374,43918,851.6
2014,Mahoning ,39099,3043,233204,1304.9
2014,Marion ,39101,732,65720,1113.8
2014,Medina ,39103,1454,176029,826
2014,Meigs ,39105,278,23331,1191.5
2014,Mercer ,39107,421,40831,1031.1
2014,Miami ,39109,993,103900,955.7
2014,Monroe ,39111,196,14465,1355
2014,Montgomery ,39113,5957,533116,1117.4
2014,Morgan ,39115,148,14843,997.1
2014,Morrow ,39117,320,35152,910.3
2014,Muskingum ,39119,1012,85818,1179.2
2014,Noble ,39121,122,14363,849.4
2014,Ottawa ,39123,432,41154,1049.7
2014,Paulding ,39125,175,18989,921.6
2014,Perry ,39127,366,35812,1022
2014,Pickaway ,39129,504,56876,886.1
2014,Pike ,39131,300,28256,1061.7
2014,Portage ,39133,1375,161882,849.4
2014,Preble ,39135,474,41586,1139.8
2014,Putnam ,39137,287,34171,839.9
2014,Richland ,39139,1427,121942,1170.2
2014,Ross ,39141,812,77159,1052.4
2014,Sandusky ,39143,642,60179,1066.8
2014,Scioto ,39145,1035,77258,1339.7
2014,Seneca ,39147,554,55669,995.2
2014,Shelby ,39149,423,48951,864.1
2014,Stark ,39151,4072,375736,1083.7
2014,Summit ,39153,5754,541943,1061.7
2014,Trumbull ,39155,2543,205175,1239.4
2014,Tuscarawas ,39157,990,92788,1066.9
2014,Union ,39159,359,53776,667.6
2014,Van Wert ,39161,331,28462,1163
2014,Vinton ,39163,152,13234,1148.6
2014,Warren ,39165,1627,221659,734
2014,Washington ,39167,712,61213,1163.2
2014,Wayne ,39169,1074,115537,929.6
2014,Williams ,39171,397,37291,1064.6
2014,Wood ,39173,1133,129590,874.3
2014,Wyandot ,39175,248,22353,1109.5
2015,Adams ,39001,349,28024,1245.4
2015,Allen ,39003,1114,104425,1066.8
2015,Ashland ,39005,546,53213,1026.1
2015,Ashtabula ,39007,1216,98632,1232.9
2015,Athens ,39009,519,65886,787.7
2015,Auglaize ,39011,505,45876,1100.8
2015,Belmont ,39013,899,69154,1300
2015,Brown ,39015,521,43839,1188.4
2015,Butler ,39017,3307,376353,878.7
2015,Carroll ,39019,301,27811,1082.3
2015,Champaign ,39021,415,38987,1064.5
2015,Clark ,39023,1802,135959,1325.4
2015,Clermont ,39025,1769,201973,875.9
2015,Clinton ,39027,441,41917,1052.1
2015,Columbiana ,39029,1327,104806,1266.1
2015,Coshocton ,39031,376,36569,1028.2
2015,Crawford ,39033,558,42306,1319
2015,Cuyahoga ,39035,13711,1255921,1091.7
2015,Darke ,39037,625,52076,1200.2
2015,Defiance ,39039,389,38352,1014.3
2015,Delaware ,39041,1028,193013,532.6
2015,Erie ,39043,958,75550,1268
2015,Fairfield ,39045,1264,151408,834.8
2015,Fayette ,39047,373,28679,1300.6
2015,Franklin ,39049,9744,1251722,778.4
2015,Fulton ,39051,406,42537,954.5
2015,Gallia ,39053,356,30142,1181.1
2015,Geauga ,39055,832,94102,884.1
2015,Greene ,39057,1469,164427,893.4
2015,Guernsey ,39059,472,39258,1202.3
2015,Hamilton ,39061,8094,807598,1002.2
2015,Hancock ,39063,778,75573,1029.5
2015,Hardin ,39065,292,31682,921.7
2015,Harrison ,39067,214,15450,1385.1
2015,Henry ,39069,321,27816,1154
2015,Highland ,39071,525,43026,1220.2
2015,Hocking ,39073,264,28491,926.6
2015,Holmes ,39075,325,43909,740.2
2015,Huron ,39077,579,58469,990.3
2015,Jackson ,39079,387,32596,1187.3
2015,Jefferson ,39081,954,67347,1416.5
2015,Knox ,39083,632,61061,1035
2015,Lake ,39085,2466,229245,1075.7
2015,Lawrence ,39087,822,61109,1345.1
2015,Licking ,39089,1674,170570,981.4
2015,Logan ,39091,521,45386,1147.9
2015,Lorain ,39093,3077,305147,1008.4
2015,Lucas ,39095,4395,433689,1013.4
2015,Madison ,39097,420,44094,952.5
2015,Mahoning ,39099,3167,231900,1365.7
2015,Marion ,39101,760,65355,1162.9
2015,Medina ,39103,1473,176395,835.1
2015,Meigs ,39105,281,23257,1208.2
2015,Mercer ,39107,415,40968,1013
2015,Miami ,39109,1063,104224,1019.9
2015,Monroe ,39111,166,14409,1152.1
2015,Montgomery ,39113,6104,532258,1146.8
2015,Morgan ,39115,175,14777,1184.3
2015,Morrow ,39117,349,35074,995
2015,Muskingum ,39119,987,86290,1143.8
2015,Noble ,39121,135,14326,942.3
2015,Ottawa ,39123,483,40877,1181.6
2015,Paulding ,39125,201,18976,1059.2
2015,Perry ,39127,347,35985,964.3
2015,Pickaway ,39129,550,56998,964.9
2015,Pike ,39131,361,28217,1279.4
2015,Portage ,39133,1511,162275,931.1
2015,Preble ,39135,445,41329,1076.7
2015,Putnam ,39137,288,34042,846
2015,Richland ,39139,1369,121707,1124.8
2015,Ross ,39141,873,77170,1131.3
2015,Sandusky ,39143,657,59679,1100.9
2015,Scioto ,39145,969,76825,1261.3
2015,Seneca ,39147,588,55610,1057.4
2015,Shelby ,39149,431,48901,881.4
2015,Stark ,39151,4123,375165,1099
2015,Summit ,39153,5896,541968,1087.9
2015,Trumbull ,39155,2614,203751,1282.9
2015,Tuscarawas ,39157,1050,92916,1130.1
2015,Union ,39159,385,54277,709.3
2015,Van Wert ,39161,335,28562,1172.9
2015,Vinton ,39163,131,13048,1004
2015,Warren ,39165,1531,224469,682.1
2015,Washington ,39167,783,61112,1281.3
2015,Wayne ,39169,1087,116063,936.6
2015,Williams ,39171,388,37120,1045.3
2015,Wood ,39173,1118,129730,861.8
2015,Wyandot ,39175,267,22243,1200.4
2016,Adams ,39001,364,27907,1304.3
2016,Allen ,39003,1140,103742,1098.9
2016,Ashland ,39005,611,53652,1138.8
2016,Ashtabula ,39007,1171,98231,1192.1
2016,Athens ,39009,467,66186,705.6
2016,Auglaize ,39011,503,45894,1096
2016,Belmont ,39013,885,68673,1288.7
2016,Brown ,39015,518,43759,1183.8
2016,Butler ,39017,3358,377537,889.4
2016,Carroll ,39019,295,27669,1066.2
2016,Champaign ,39021,429,38747,1107.2
2016,Clark ,39023,1797,134786,1333.2
2016,Clermont ,39025,1765,203022,869.4
2016,Clinton ,39027,406,41902,968.9
2016,Columbiana ,39029,1304,103685,1257.7
2016,Coshocton ,39031,399,36602,1090.1
2016,Crawford ,39033,549,42083,1304.6
2016,Cuyahoga ,39035,14003,1249352,1120.8
2016,Darke ,39037,614,51778,1185.8
2016,Defiance ,39039,395,38158,1035.2
2016,Delaware ,39041,1089,196463,554.3
2016,Erie ,39043,972,75107,1294.2
2016,Fairfield ,39045,1279,152597,838.2
2016,Fayette ,39047,363,28676,1265.9
2016,Franklin ,39049,9624,1264518,761.1
2016,Fulton ,39051,416,42514,978.5
2016,Gallia ,39053,388,30015,1292.7
2016,Geauga ,39055,855,94060,909
2016,Greene ,39057,1437,164765,872.2
2016,Guernsey ,39059,463,39063,1185.3
2016,Hamilton ,39061,7884,809099,974.4
2016,Hancock ,39063,767,75872,1010.9
2016,Hardin ,39065,338,31474,1073.9
2016,Harrison ,39067,190,15307,1241.3
2016,Henry ,39069,268,27629,970
2016,Highland ,39071,499,43029,1159.7
2016,Hocking ,39073,302,28340,1065.6
2016,Holmes ,39075,356,43936,810.3
2016,Huron ,39077,560,58439,958.3
2016,Jackson ,39079,425,32505,1307.5
2016,Jefferson ,39081,970,66704,1454.2
2016,Knox ,39083,661,60814,1086.9
2016,Lake ,39085,2535,228614,1108.9
2016,Lawrence ,39087,810,60872,1330.7
2016,Licking ,39089,1549,172198,899.5
2016,Logan ,39091,516,45165,1142.5
2016,Lorain ,39093,3073,306365,1003.1
2016,Lucas ,39095,4611,432488,1066.2
2016,Madison ,39097,446,43419,1027.2
2016,Mahoning ,39099,3036,230008,1320
2016,Marion ,39101,783,65096,1202.8
2016,Medina ,39103,1433,177221,808.6
2016,Meigs ,39105,331,23125,1431.4
2016,Mercer ,39107,439,40909,1073.1
2016,Miami ,39109,1167,104679,1114.8
2016,Monroe ,39111,172,14210,1210.4
2016,Montgomery ,39113,6218,531239,1170.5
2016,Morgan ,39115,168,14804,1134.8
2016,Morrow ,39117,314,35036,896.2
2016,Muskingum ,39119,1015,86068,1179.3
2016,Noble ,39121,143,14294,1000.4
2016,Ottawa ,39123,515,40636,1267.3
2016,Paulding ,39125,204,18865,1081.4
2016,Perry ,39127,365,35927,1015.9
2016,Pickaway ,39129,592,57565,1028.4
2016,Pike ,39131,344,28160,1221.6
2016,Portage ,39133,1472,161921,909.1
2016,Preble ,39135,484,41247,1173.4
2016,Putnam ,39137,306,34056,898.5
2016,Richland ,39139,1447,121107,1194.8
2016,Ross ,39141,898,77000,1166.2
2016,Sandusky ,39143,675,59330,1137.7
2016,Scioto ,39145,1036,76088,1361.6
2016,Seneca ,39147,607,55353,1096.6
2016,Shelby ,39149,480,48623,987.2
2016,Stark ,39151,4391,373612,1175.3
2016,Summit ,39153,5930,540300,1097.5
2016,Trumbull ,39155,2566,201825,1271.4
2016,Tuscarawas ,39157,1037,92420,1122.1
2016,Union ,39159,360,55457,649.2
2016,Van Wert ,39161,335,28362,1181.2
2016,Vinton ,39163,147,12921,1137.7
2016,Warren ,39165,1766,227063,777.8
2016,Washington ,39167,769,60610,1268.8
2016,Wayne ,39169,1155,116470,991.7
2016,Williams ,39171,443,37017,1196.7
2016,Wood ,39173,1156,130219,887.7
2016,Wyandot ,39175,254,22118,1148.4
2017,Adams ,39001,367,27726,1323.7
2017,Allen ,39003,1166,103198,1129.9
2017,Ashland ,39005,582,53628,1085.3
2017,Ashtabula ,39007,1234,97807,1261.7
2017,Athens ,39009,497,66597,746.3
2017,Auglaize ,39011,402,45778,878.2
2017,Belmont ,39013,872,68029,1281.8
2017,Brown ,39015,545,43576,1250.7
2017,Butler ,39017,3548,380604,932.2
2017,Carroll ,39019,366,27385,1336.5
2017,Champaign ,39021,409,38840,1053
2017,Clark ,39023,1800,134557,1337.7
2017,Clermont ,39025,1895,204214,927.9
2017,Clinton ,39027,492,42009,1171.2
2017,Columbiana ,39029,1337,103077,1297.1
2017,Coshocton ,39031,404,36544,1105.5
2017,Crawford ,39033,624,41746,1494.8
2017,Cuyahoga ,39035,14334,1248514,1148.1
2017,Darke ,39037,602,51536,1168.1
2017,Defiance ,39039,430,38156,1127
2017,Delaware ,39041,1090,200464,543.7
2017,Erie ,39043,1016,74817,1358
2017,Fairfield ,39045,1393,154733,900.3
2017,Fayette ,39047,415,28752,1443.4
2017,Franklin ,39049,10031,1291981,776.4
2017,Fulton ,39051,489,42289,1156.3
2017,Gallia ,39053,398,29973,1327.9
2017,Geauga ,39055,796,93918,847.5
2017,Greene ,39057,1535,166752,920.5
2017,Guernsey ,39059,507,39093,1296.9
2017,Hamilton ,39061,8374,813822,1029
2017,Hancock ,39063,827,75754,1091.7
2017,Hardin ,39065,309,31364,985.2
2017,Harrison ,39067,199,15216,1307.8
2017,Henry ,39069,284,27185,1044.7
2017,Highland ,39071,515,42971,1198.5
2017,Hocking ,39073,331,28474,1162.5
2017,Holmes ,39075,318,43957,723.4
2017,Huron ,39077,643,58494,1099.3
2017,Jackson ,39079,425,32449,1309.7
2017,Jefferson ,39081,957,66359,1442.2
2017,Knox ,39083,637,61261,1039.8
2017,Lake ,39085,2569,230117,1116.4
2017,Lawrence ,39087,848,60249,1407.5
2017,Licking ,39089,1690,173448,974.4
2017,Logan ,39091,522,45325,1151.7
2017,Lorain ,39093,3257,307924,1057.7
2017,Lucas ,39095,4607,430887,1069.2
2017,Madison ,39097,445,44036,1010.5
2017,Mahoning ,39099,3015,229796,1312
2017,Marion ,39101,773,64967,1189.8
2017,Medina ,39103,1626,178371,911.6
2017,Meigs ,39105,285,23080,1234.8
2017,Mercer ,39107,381,40873,932.2
2017,Miami ,39109,1071,105122,1018.8
2017,Monroe ,39111,165,13946,1183.1
2017,Montgomery ,39113,6542,531542,1230.8
2017,Morgan ,39115,190,14709,1291.7
2017,Morrow ,39117,349,34994,997.3
2017,Muskingum ,39119,1017,86149,1180.5
2017,Noble ,39121,133,14406,923.2
2017,Ottawa ,39123,504,40657,1239.6
2017,Paulding ,39125,202,18845,1071.9
2017,Perry ,39127,372,36024,1032.6
2017,Pickaway ,39129,666,57830,1151.7
2017,Pike ,39131,380,28270,1344.2
2017,Portage ,39133,1534,162277,945.3
2017,Preble ,39135,505,41120,1228.1
2017,Putnam ,39137,336,33878,991.8
2017,Richland ,39139,1549,120589,1284.5
2017,Ross ,39141,824,77313,1065.8
2017,Sandusky ,39143,712,59195,1202.8
2017,Scioto ,39145,1084,75929,1427.6
2017,Seneca ,39147,672,55243,1216.4
2017,Shelby ,39149,492,48759,1009
2017,Stark ,39151,4575,372542,1228
2017,Summit ,39153,5916,541228,1093.1
2017,Trumbull ,39155,2716,200380,1355.4
2017,Tuscarawas ,39157,1135,92297,1229.7
2017,Union ,39159,408,56741,719.1
2017,Van Wert ,39161,328,28217,1162.4
2017,Vinton ,39163,141,13092,1077
2017,Warren ,39165,1892,228882,826.6
2017,Washington ,39167,780,60418,1291
2017,Wayne ,39169,1158,116038,997.9
2017,Williams ,39171,454,36784,1234.2
2017,Wood ,39173,1181,130492,905
2017,Wyandot ,39175,252,22029,1143.9
2018,Adams ,39001,339,27724,1222.8
2018,Allen ,39003,1164,102663,1133.8
2018,Ashland ,39005,599,53745,1114.5
2018,Ashtabula ,39007,1243,97493,1275
2018,Athens ,39009,503,65818,764.2
2018,Auglaize ,39011,522,45804,1139.6
2018,Belmont ,39013,931,67505,1379.2
2018,Brown ,39015,565,43602,1295.8
2018,Butler ,39017,3536,382378,924.7
2018,Carroll ,39019,321,27081,1185.3
2018,Champaign ,39021,422,38754,1088.9
2018,Clark ,39023,1773,134585,1317.4
2018,Clermont ,39025,1919,205466,934
2018,Clinton ,39027,478,42057,1136.6
2018,Columbiana ,39029,1285,102665,1251.6
2018,Coshocton ,39031,457,36629,1247.6
2018,Crawford ,39033,568,41550,1367
2018,Cuyahoga ,39035,14182,1243857,1140.2
2018,Darke ,39037,651,51323,1268.4
2018,Defiance ,39039,400,38165,1048.1
2018,Delaware ,39041,1204,204826,587.8
2018,Erie ,39043,964,74615,1292
2018,Fairfield ,39045,1468,155782,942.3
2018,Fayette ,39047,352,28666,1227.9
2018,Franklin ,39049,10234,1310300,781
2018,Fulton ,39051,446,42276,1055
2018,Gallia ,39053,429,29979,1431
2018,Geauga ,39055,851,94031,905
2018,Greene ,39057,1533,167995,912.5
2018,Guernsey ,39059,478,39022,1225
2018,Hamilton ,39061,8142,816684,997
2018,Hancock ,39063,824,75930,1085.2
2018,Hardin ,39065,341,31480,1083.2
2018,Harrison ,39067,218,15174,1436.7
2018,Henry ,39069,311,27086,1148.2
2018,Highland ,39071,503,43058,1168.2
2018,Hocking ,39073,360,28385,1268.3
2018,Holmes ,39075,338,43892,770.1
2018,Huron ,39077,620,58504,1059.8
2018,Jackson ,39079,463,32384,1429.7
2018,Jefferson ,39081,935,65767,1421.7
2018,Knox ,39083,649,61893,1048.6
2018,Lake ,39085,2577,230514,1117.9
2018,Lawrence ,39087,920,59866,1536.8
2018,Licking ,39089,1740,175769,989.9
2018,Logan ,39091,514,45358,1133.2
2018,Lorain ,39093,3301,309461,1066.7
2018,Lucas ,39095,4855,429899,1129.3
2018,Madison ,39097,409,44413,920.9
2018,Mahoning ,39099,3114,229642,1356
2018,Marion ,39101,790,65256,1210.6
2018,Medina ,39103,1648,179146,919.9
2018,Meigs ,39105,364,23106,1575.3
2018,Mercer ,39107,416,40959,1015.6
2018,Miami ,39109,1164,106222,1095.8
2018,Monroe ,39111,205,13790,1486.6
2018,Montgomery ,39113,6441,532331,1210
2018,Morgan ,39115,183,14604,1253.1
2018,Morrow ,39117,311,35112,885.7
2018,Muskingum ,39119,1052,86183,1220.7
2018,Noble ,39121,147,14354,1024.1
2018,Ottawa ,39123,539,40769,1322.1
2018,Paulding ,39125,209,18760,1114.1
2018,Perry ,39127,363,36033,1007.4
2018,Pickaway ,39129,611,58086,1051.9
2018,Pike ,39131,414,28067,1475
2018,Portage ,39133,1570,162927,963.6
2018,Preble ,39135,494,40997,1205
2018,Putnam ,39137,324,33780,959.1
2018,Richland ,39139,1519,121099,1254.3
2018,Ross ,39141,897,76931,1166
2018,Sandusky ,39143,704,58799,1197.3
2018,Scioto ,39145,1084,75502,1435.7
2018,Seneca ,39147,618,55207,1119.4
2018,Shelby ,39149,482,48627,991.2
2018,Stark ,39151,4432,371574,1192.8
2018,Summit ,39153,5866,541918,1082.5
2018,Trumbull ,39155,2639,198627,1328.6
2018,Tuscarawas ,39157,1135,92176,1231.3
2018,Union ,39159,417,57835,721
2018,Van Wert ,39161,324,28281,1145.6
2018,Vinton ,39163,163,13139,1240.6
2018,Warren ,39165,1862,232173,802
2018,Washington ,39167,754,60155,1253.4
2018,Wayne ,39169,1224,115967,1055.5
2018,Williams ,39171,453,36804,1230.8
2018,Wood ,39173,1229,130696,940.4
2018,Wyandot ,39175,266,21935,1212.7
